Inputs,Outputs,Nodes,Skip %,Optimizer,Best Val Acc (%),Best Epoch,Final Val Acc (%),Final Val Loss,CPU Load (%),Memory Used (MB),Memory Free (MB),Start Time,End Time,Avg Time (ns),Average Weight,Edge Count,Learning Rate,Dropout Rate,L2 Lambda,Adam Beta1,Adam Beta2,Adam Epsilon,RMSprop Decay,RMSprop Epsilon,Depth,Total Nodes,Layer Config,Architecture String,Teacher Params,Student Params,Baseline Params
22,2,22N-5N-5N-5N-5N-5N-5N-5N-2N-22N-5N-5N-5N-5N-5N-5N-5N-2N,25.0,Config6,58.5,396,51.5,0.5864933166535061,12.56,182,329,114994807695600,114994813072600,5119319.5,1.70938,10,0.01,0.3,0.0015,0.99,0.999,1.0,0.99,1.0,18,118,"[22, 5, 5, 5, 5, 5, 5, 5, 2, 22, 5, 5, 5, 5, 5, 5, 5, 2]",22n-5n-5n-5n-5n-5n-5n-5n-2o,,655,718
22,2,22N-6N-6N-6N-6N-6N-6N-2N-22N-6N-6N-6N-6N-6N-6N-2N-22N-6N-6N-6N-6N-6N-6N-2N-22N-6N-6N-6N-6N-6N-6N-2N,25.0,Config5,61.0,192,54.0,0.5241344203899456,12.47,176,335,114988596697300,114988602529600,5345004.5,1.155831,12,0.01,0.3,0.0015,0.99,0.999,1.0,0.99,1.0,32,240,"[22, 6, 6, 6, 6, 6, 6, 2, 22, 6, 6, 6, 6, 6, 6, 2, 22, 6, 6, 6, 6, 6, 6, 2, 22, 6, 6, 6, 6, 6, 6, 2]",22n-6n-6n-6n-6n-6n-6n-2o,,689,718
22,2,22N-7N-7N-7N-7N-7N-2N-22N-7N-7N-7N-7N-7N-2N-22N-7N-7N-7N-7N-7N-2N-22N-7N-7N-7N-7N-7N-2N,25.0,Config4,57.49999999999999,491,51.5,0.6527186128061412,12.45,172,339,114982309052400,114982314461300,5522769.5,1.379732,14,0.01,0.3,0.0015,0.99,0.999,1.0,0.99,1.0,28,236,"[22, 7, 7, 7, 7, 7, 2, 22, 7, 7, 7, 7, 7, 2, 22, 7, 7, 7, 7, 7, 2, 22, 7, 7, 7, 7, 7, 2]",22n-7n-7n-7n-7n-7n-2o,,721,718
22,2,22N-8N-8N-8N-8N-2N-22N-8N-8N-8N-8N-2N,25.0,Config3,55.50000000000001,9,51.0,0.6693538424789155,12.48,168,343,114975998996200,114976004061400,5639041.5,1.174025,16,0.01,0.3,0.0015,0.99,0.999,1.0,0.99,1.0,12,112,"[22, 8, 8, 8, 8, 2, 22, 8, 8, 8, 8, 2]",22n-8n-8n-8n-8n-2o,,654,718
22,2,22N-9N-9N-9N-9N-2N-22N-9N-9N-9N-9N-2N,25.0,Config3,59.5,167,50.0,0.6504044229222867,12.16,204,307,131587331021100,131587336046200,5116263.5,1.120325,18,0.01,0.3,0.0015,0.99,0.999,1.0,0.99,1.0,12,120,"[22, 9, 9, 9, 9, 2, 22, 9, 9, 9, 9, 2]",22n-9n-9n-9n-9n-2o,,754,718
22,2,22N-10N-10N-10N-2N-22N-10N-10N-10N-2N-22N-10N-10N-10N-2N,25.0,Config2,58.5,1,54.0,0.6377769361239394,12.43,166,345,114969430117700,114969435901100,5869214.5,1.30916,20,0.01,0.3,0.0015,0.99,0.999,1.0,0.99,1.0,15,162,"[22, 10, 10, 10, 2, 22, 10, 10, 10, 2, 22, 10, 10, 10, 2]",22n-10n-10n-10n-2o,,692,718
22,2,22N-11N-11N-11N-2N,25.0,Config2,54.50000000000001,192,44.5,0.5944747322203625,12.27,198,313,90563429315400,90563435907200,7036882.0,1.172581,22,0.01,0.3,0.0015,0.99,0.999,1.0,0.99,1.0,5,57,"[22, 11, 11, 11, 2]",22n-11n-11n-11n-2o,,747,718
22,2,22N-14N-14N-2N-22N-14N-14N-2N-22N-14N-14N-2N-22N-14N-14N-2N,25.0,Config1,57.99999999999999,429,50.0,0.6520707654002088,12.56,162,349,114962684784200,114962691320600,5314514.5,1.03507,28,0.01,0.3,0.0015,0.99,0.999,1.0,0.99,1.0,16,208,"[22, 14, 14, 2, 22, 14, 14, 2, 22, 14, 14, 2, 22, 14, 14, 2]",22n-14n-14n-2o,,703,718
22,2,22N-5N-5N-5N-5N-5N-5N-5N-2N-22N-5N-5N-5N-5N-5N-5N-5N-2N,25.0,Config6,56.00000000000001,1,52.5,0.6331620103332579,12.14,204,307,115032568707200,115032573373100,4661492.0,1.273462,10,0.01,0.3,0.0015,0.99,0.999,1.0,0.99,1.0,18,118,"[22, 5, 5, 5, 5, 5, 5, 5, 2, 22, 5, 5, 5, 5, 5, 5, 5, 2]",22n-5n-5n-5n-5n-5n-5n-5n-2o,,662,718
22,2,22N-6N-6N-6N-6N-6N-6N-2N-22N-6N-6N-6N-6N-6N-6N-2N-22N-6N-6N-6N-6N-6N-6N-2N-22N-6N-6N-6N-6N-6N-6N-2N,25.0,Config5,59.0,478,52.0,0.6264450876011751,12.22,200,311,115026402907900,115026408605000,5732982.5,1.10195,12,0.01,0.3,0.0015,0.99,0.999,1.0,0.99,1.0,32,240,"[22, 6, 6, 6, 6, 6, 6, 2, 22, 6, 6, 6, 6, 6, 6, 2, 22, 6, 6, 6, 6, 6, 6, 2, 22, 6, 6, 6, 6, 6, 6, 2]",22n-6n-6n-6n-6n-6n-6n-2o,,708,718
22,2,22N-7N-7N-7N-7N-7N-2N-22N-7N-7N-7N-7N-7N-2N-22N-7N-7N-7N-7N-7N-2N-22N-7N-7N-7N-7N-7N-2N,25.0,Config4,56.49999999999999,193,49.0,0.7012308765319317,12.52,196,315,115019928474500,115019934509200,5930940.5,1.4862,14,0.01,0.3,0.0015,0.99,0.999,1.0,0.99,1.0,28,236,"[22, 7, 7, 7, 7, 7, 2, 22, 7, 7, 7, 7, 7, 2, 22, 7, 7, 7, 7, 7, 2, 22, 7, 7, 7, 7, 7, 2]",22n-7n-7n-7n-7n-7n-2o,,705,718
22,2,22N-8N-8N-8N-8N-2N-22N-8N-8N-8N-8N-2N-22N-8N-8N-8N-8N-2N,25.0,Config3,58.5,221,51.5,0.6350301767336557,12.34,192,319,115013392256900,115013397355800,5092546.5,1.45538,16,0.01,0.3,0.0015,0.99,0.999,1.0,0.99,1.0,18,168,"[22, 8, 8, 8, 8, 2, 22, 8, 8, 8, 8, 2, 22, 8, 8, 8, 8, 2]",22n-8n-8n-8n-8n-2o,,699,718
22,2,22N-9N-9N-9N-9N-2N,25.0,Config3,50.0,188,43.0,0.7988739200347491,12.11,24,487,131611317614200,131611322606000,5272997.5,1.483926,18,0.01,0.3,0.0015,0.99,0.999,1.0,0.99,1.0,6,60,"[22, 9, 9, 9, 9, 2]",22n-9n-9n-9n-9n-2o,,735,718
22,2,22N-10N-10N-10N-2N-22N-10N-10N-10N-2N-22N-10N-10N-10N-2N,25.0,Config2,58.5,520,56.00000000000001,0.609145401264743,12.35,188,323,115007157266700,115007162218800,5203058.0,1.495035,20,0.01,0.3,0.0015,0.99,0.999,1.0,0.99,1.0,15,162,"[22, 10, 10, 10, 2, 22, 10, 10, 10, 2, 22, 10, 10, 10, 2]",22n-10n-10n-10n-2o,,687,718
22,2,22N-11N-11N-11N-2N,25.0,Config2,60.0,150,55.00000000000001,0.641632078172431,12.52,20,491,131606307331700,131606312035100,4881720.0,1.33694,22,0.01,0.3,0.0015,0.99,0.999,1.0,0.99,1.0,5,57,"[22, 11, 11, 11, 2]",22n-11n-11n-11n-2o,,744,718
22,2,22N-14N-14N-2N-22N-14N-14N-2N-22N-14N-14N-2N-22N-14N-14N-2N,25.0,Config1,58.5,252,45.5,0.6357989485302817,12.61,186,325,115000998896500,115001003617100,5194106.5,0.859945,28,0.01,0.3,0.0015,0.99,0.999,1.0,0.99,1.0,16,208,"[22, 14, 14, 2, 22, 14, 14, 2, 22, 14, 14, 2, 22, 14, 14, 2]",22n-14n-14n-2o,,697,718
22,2,22N-5N-5N-5N-5N-5N-5N-5N-2N-22N-5N-5N-5N-5N-5N-5N-5N-2N,25.0,Config6,57.49999999999999,49,51.0,0.6022343789142149,12.25,24,487,115070513303400,115070519041700,5225913.0,1.15759,10,0.01,0.3,0.0015,0.99,0.999,1.0,0.99,1.0,18,118,"[22, 5, 5, 5, 5, 5, 5, 5, 2, 22, 5, 5, 5, 5, 5, 5, 5, 2]",22n-5n-5n-5n-5n-5n-5n-5n-2o,,653,718
22,2,22N-6N-6N-6N-6N-6N-6N-2N-22N-6N-6N-6N-6N-6N-6N-2N-22N-6N-6N-6N-6N-6N-6N-2N-22N-6N-6N-6N-6N-6N-6N-2N,25.0,Config5,56.00000000000001,662,55.50000000000001,0.5888659682745869,12.38,18,493,115064322407200,115064327579400,5631738.0,1.405636,12,0.01,0.3,0.0015,0.99,0.999,1.0,0.99,1.0,32,240,"[22, 6, 6, 6, 6, 6, 6, 2, 22, 6, 6, 6, 6, 6, 6, 2, 22, 6, 6, 6, 6, 6, 6, 2, 22, 6, 6, 6, 6, 6, 6, 2]",22n-6n-6n-6n-6n-6n-6n-2o,,682,718
22,2,22N-7N-7N-7N-7N-7N-2N-22N-7N-7N-7N-7N-7N-2N-22N-7N-7N-7N-7N-7N-2N-22N-7N-7N-7N-7N-7N-2N,25.0,Config4,58.5,363,49.5,0.5751794319464487,12.3,14,497,115057889508600,115057894827700,5626400.5,1.327999,14,0.01,0.3,0.0015,0.99,0.999,1.0,0.99,1.0,28,236,"[22, 7, 7, 7, 7, 7, 2, 22, 7, 7, 7, 7, 7, 2, 22, 7, 7, 7, 7, 7, 2, 22, 7, 7, 7, 7, 7, 2]",22n-7n-7n-7n-7n-7n-2o,,697,718
22,2,22N-8N-8N-8N-8N-2N-22N-8N-8N-8N-8N-2N-22N-8N-8N-8N-8N-2N-22N-8N-8N-8N-8N-2N,25.0,Config3,57.49999999999999,747,53.0,0.6282540988808903,12.49,10,501,115051542425100,115051548320000,5528707.0,1.32716,16,0.01,0.3,0.0015,0.99,0.999,1.0,0.99,1.0,24,224,"[22, 8, 8, 8, 8, 2, 22, 8, 8, 8, 8, 2, 22, 8, 8, 8, 8, 2, 22, 8, 8, 8, 8, 2]",22n-8n-8n-8n-8n-2o,,683,718
22,2,22N-10N-10N-10N-2N-22N-10N-10N-10N-2N,25.0,Config2,59.5,303,56.49999999999999,0.6314111402830385,12.87,8,503,115045265669700,115045270558200,5245945.5,1.75786,20,0.01,0.3,0.0015,0.99,0.999,1.0,0.99,1.0,10,108,"[22, 10, 10, 10, 2, 22, 10, 10, 10, 2]",22n-10n-10n-10n-2o,,662,718
22,2,22N-11N-11N-11N-2N-22N-11N-11N-11N-2N,25.0,Config2,57.99999999999999,2,54.0,0.6678887337175554,12.48,44,467,131630192539200,131630197374500,4915761.0,1.391724,22,0.01,0.3,0.0015,0.99,0.999,1.0,0.99,1.0,10,114,"[22, 11, 11, 11, 2, 22, 11, 11, 11, 2]",22n-11n-11n-11n-2o,,749,718
22,2,22N-14N-14N-2N-22N-14N-14N-2N-22N-14N-14N-2N-22N-14N-14N-2N,25.0,Config1,59.5,2,49.0,0.7207798413014256,12.35,4,507,115039111593200,115039116579300,5753675.0,1.387742,28,0.01,0.3,0.0015,0.99,0.999,1.0,0.99,1.0,16,208,"[22, 14, 14, 2, 22, 14, 14, 2, 22, 14, 14, 2, 22, 14, 14, 2]",22n-14n-14n-2o,,704,718
NA,NA,NA,0.0,Config6,59.0,330,56.49999999999999,0.5000105358075265,12.42,12,499,215648946531400,215648955747700,6345607.0,0.816254,16,0.01,0.3,0.0015,0.99,0.999,1.0,0.99,1.0,NA,NA,NA,NA,,6,718
NA,NA,NA,0.0,Config4,57.99999999999999,164,52.0,0.6208987380450478,12.54,4,507,215633212137400,215633218683700,7760986.0,1.038376,20,0.01,0.3,0.0015,0.99,0.999,1.0,0.99,1.0,NA,NA,NA,NA,,4,718
NA,NA,NA,0.0,Config3,57.49999999999999,303,50.0,0.6763038980776835,11.74,156,355,215623679519400,215623688031700,6450888.5,1.35755,22,0.01,0.3,0.0015,0.99,0.999,1.0,0.99,1.0,NA,NA,NA,NA,,3,718
NA,NA,NA,0.0,Config5,57.99999999999999,347,48.0,0.6292643435107957,11.23,8,503,215640648247000,215640654235000,5722025.5,0.875626,18,0.01,0.3,0.0015,0.99,0.999,1.0,0.99,1.0,NA,NA,NA,NA,,5,718
NA,NA,NA,0.0,Config6,54.50000000000001,194,42.0,0.5421028257306795,12.53,30,481,215686060948800,215686067854000,7727266.5,1.27118,16,0.01,0.3,0.0015,0.99,0.999,1.0,0.99,1.0,NA,NA,NA,NA,,6,718
NA,NA,NA,0.0,Config4,54.50000000000001,4,45.5,0.7405512545745077,12.29,20,491,215667731986700,215667737621200,7359012.5,1.066723,20,0.01,0.3,0.0015,0.99,0.999,1.0,0.99,1.0,NA,NA,NA,NA,,4,718
NA,NA,NA,0.0,Config3,53.0,357,48.0,0.7406266160468948,12.43,16,495,215658619770400,215658626319400,7331298.0,1.399452,22,0.01,0.3,0.0015,0.99,0.999,1.0,0.99,1.0,NA,NA,NA,NA,,3,718
NA,NA,NA,0.0,Config5,56.00000000000001,10,49.5,0.5561202634261068,12.35,24,487,215675973471400,215675980275600,6464268.0,1.059944,18,0.01,0.3,0.0015,0.99,0.999,1.0,0.99,1.0,NA,NA,NA,NA,,5,718
NA,NA,NA,0.0,Config6,61.0,79,46.5,0.566518631652158,12.25,46,465,215719263151100,215719270870800,6111686.5,0.841492,16,0.01,0.3,0.0015,0.99,0.999,1.0,0.99,1.0,NA,NA,NA,NA,,6,718
NA,NA,NA,0.0,Config4,57.49999999999999,0,45.0,0.5890997064782317,11.93,38,473,215702548530800,215702554493400,6295333.5,1.176444,20,0.01,0.3,0.0015,0.99,0.999,1.0,0.99,1.0,NA,NA,NA,NA,,4,718
NA,NA,NA,0.0,Config3,55.00000000000001,331,50.5,0.7034214897280462,12.47,34,477,215694409230900,215694416163900,6323050.0,1.625852,22,0.01,0.3,0.0015,0.99,0.999,1.0,0.99,1.0,NA,NA,NA,NA,,3,718
NA,NA,NA,0.0,Config5,56.49999999999999,166,45.0,0.542402029736635,11.46,42,469,215711061997300,215711068304800,6522288.5,0.977371,18,0.01,0.3,0.0015,0.99,0.999,1.0,0.99,1.0,NA,NA,NA,NA,,5,718
NA,NA,NA,10.0,Config6,55.50000000000001,14,45.5,0.6341898175787051,12.68,144,367,216669830241300,216669835321400,5198582.5,1.224409,14,0.01,0.3,0.0015,0.99,0.999,1.0,0.99,1.0,NA,NA,NA,NA,,6,762
NA,NA,NA,10.0,Config3,58.5,351,53.0,0.6443483805658198,12.67,132,379,216649785955600,216649790713600,5091274.0,1.476143,20,0.01,0.3,0.0015,0.99,0.999,1.0,0.99,1.0,NA,NA,NA,NA,,3,762
NA,NA,NA,10.0,Config5,54.50000000000001,318,49.5,0.6513426739589815,12.63,140,371,216663225568600,216663230963000,5469956.5,1.286456,16,0.01,0.3,0.0015,0.99,0.999,1.0,0.99,1.0,NA,NA,NA,NA,,5,762
NA,NA,NA,10.0,Config4,61.0,126,51.5,0.7153704552110096,12.62,136,375,216656448499800,216656453644900,5358252.0,1.448946,18,0.01,0.3,0.0015,0.99,0.999,1.0,0.99,1.0,NA,NA,NA,NA,,4,762
NA,NA,NA,10.0,Config6,59.0,163,51.5,0.5873983712725815,12.45,162,349,216697226145200,216697231182200,5668708.5,1.049607,14,0.01,0.3,0.0015,0.99,0.999,1.0,0.99,1.0,NA,NA,NA,NA,,6,762
NA,NA,NA,10.0,Config3,60.5,162,56.00000000000001,0.64139092176401,12.11,148,363,216676231201500,216676236037100,4847087.5,1.62038,20,0.01,0.3,0.0015,0.99,0.999,1.0,0.99,1.0,NA,NA,NA,NA,,3,762
NA,NA,NA,10.0,Config5,55.00000000000001,201,52.5,0.5801198552959304,12.67,156,355,216690019981700,216690026104600,5592397.5,1.34941,16,0.01,0.3,0.0015,0.99,0.999,1.0,0.99,1.0,NA,NA,NA,NA,,5,762
NA,NA,NA,10.0,Config4,61.5,100,54.0,0.6699229172739275,12.5,152,359,216683099070000,216683106615000,5628117.5,1.367099,18,0.01,0.3,0.0015,0.99,0.999,1.0,0.99,1.0,NA,NA,NA,NA,,4,762
NA,NA,NA,10.0,Config6,60.5,379,59.5,0.49782041580039793,12.44,178,333,216723945681500,216723951539600,5371946.0,1.024286,14,0.01,0.3,0.0015,0.99,0.999,1.0,0.99,1.0,NA,NA,NA,NA,,6,762
NA,NA,NA,10.0,Config3,56.00000000000001,204,47.5,0.7365276630896829,12.68,166,345,216703725702100,216703730906800,4937840.0,1.200884,20,0.01,0.3,0.0015,0.99,0.999,1.0,0.99,1.0,NA,NA,NA,NA,,3,762
NA,NA,NA,10.0,Config5,57.99999999999999,309,49.0,0.6425588449147943,12.63,174,337,216717158355400,216717163625500,5499710.5,1.187201,16,0.01,0.3,0.0015,0.99,0.999,1.0,0.99,1.0,NA,NA,NA,NA,,5,762
NA,NA,NA,10.0,Config4,56.99999999999999,219,54.50000000000001,0.6273569118895918,11.09,170,341,216710398022400,216710403066300,5267707.0,1.325138,18,0.01,0.3,0.0015,0.99,0.999,1.0,0.99,1.0,NA,NA,NA,NA,,4,762
NA,NA,NA,100.0,Config6,54.0,210,46.5,0.7473531824745208,12.62,236,275,221254692850700,221254701830000,7935064.0,1.788599,8,0.01,0.3,0.0015,0.99,0.999,1.0,0.99,1.0,NA,NA,NA,NA,,6,1146
NA,NA,NA,100.0,Config5,56.00000000000001,205,46.5,0.6700222806883085,12.49,232,279,221246085626600,221246093453300,9060178.0,1.197744,10,0.01,0.3,0.0015,0.99,0.999,1.0,0.99,1.0,NA,NA,NA,NA,,5,1146
NA,NA,NA,100.0,Config4,56.99999999999999,150,51.0,0.621638666602695,12.09,226,285,221236647552200,221236660266500,10709403.0,1.269457,12,0.01,0.3,0.0015,0.99,0.999,1.0,0.99,1.0,NA,NA,NA,NA,,4,1146
NA,NA,NA,100.0,Config3,55.50000000000001,297,52.0,0.7096305941778306,12.49,222,289,221225713285100,221225721023500,10160645.0,1.565377,14,0.01,0.3,0.0015,0.99,0.999,1.0,0.99,1.0,NA,NA,NA,NA,,3,1146
NA,NA,NA,100.0,Config6,55.00000000000001,90,53.5,0.6431175162295386,12.33,254,257,221293333888300,221293342865600,8748563.5,2.006849,8,0.01,0.3,0.0015,0.99,0.999,1.0,0.99,1.0,NA,NA,NA,NA,,6,1146
NA,NA,NA,100.0,Config5,58.5,238,52.0,0.7755447290956754,12.57,248,263,221283918215600,221283926908100,10236480.0,1.354058,10,0.01,0.3,0.0015,0.99,0.999,1.0,0.99,1.0,NA,NA,NA,NA,,5,1146
NA,NA,NA,100.0,Config4,59.0,106,46.5,0.7076484231132808,12.06,244,267,221273484273500,221273493294000,9656099.5,1.174793,12,0.01,0.3,0.0015,0.99,0.999,1.0,0.99,1.0,NA,NA,NA,NA,,4,1146
NA,NA,NA,100.0,Config3,57.99999999999999,43,48.5,0.7174075080746821,12.3,240,271,221263480432100,221263489382900,7824522.5,1.536578,14,0.01,0.3,0.0015,0.99,0.999,1.0,0.99,1.0,NA,NA,NA,NA,,3,1146
NA,NA,NA,100.0,Config6,54.50000000000001,167,53.0,0.8046653178860521,12.32,272,239,221330965944500,221330974187200,8612839.0,1.265748,8,0.01,0.3,0.0015,0.99,0.999,1.0,0.99,1.0,NA,NA,NA,NA,,6,1146
NA,NA,NA,100.0,Config5,59.0,223,47.5,0.7502485281739927,12.02,266,245,221321753797000,221321764093600,9107785.0,1.891334,10,0.01,0.3,0.0015,0.99,0.999,1.0,0.99,1.0,NA,NA,NA,NA,,5,1146
NA,NA,NA,100.0,Config4,53.0,355,50.5,0.7725411995913991,11.76,262,249,221312363435700,221312372211300,8924597.5,2.231047,12,0.01,0.3,0.0015,0.99,0.999,1.0,0.99,1.0,NA,NA,NA,NA,,4,1146
NA,NA,NA,100.0,Config3,57.99999999999999,3,48.5,0.759403187318523,12.3,258,253,221302966170500,221302974064600,8685012.5,1.978178,14,0.01,0.3,0.0015,0.99,0.999,1.0,0.99,1.0,NA,NA,NA,NA,,3,1146
NA,NA,NA,25.0,Config6,59.0,220,44.0,0.6448788605099345,12.42,146,365,217654257326100,217654263421200,5412311.5,1.233787,12,0.01,0.3,0.0015,0.99,0.999,1.0,0.99,1.0,NA,NA,NA,NA,,6,830
NA,NA,NA,25.0,Config3,60.5,9,49.5,0.7388382851040407,12.36,134,377,217634119089800,217634124790900,5923939.0,1.228238,20,0.01,0.3,0.0015,0.99,0.999,1.0,0.99,1.0,NA,NA,NA,NA,,3,830
NA,NA,NA,25.0,Config5,56.49999999999999,235,50.5,0.672898436573375,12.27,142,369,217647656493100,217647662848500,6008699.0,1.524496,14,0.01,0.3,0.0015,0.99,0.999,1.0,0.99,1.0,NA,NA,NA,NA,,5,830
NA,NA,NA,25.0,Config4,60.5,16,55.00000000000001,0.6818645675481737,12.69,138,373,217640776236200,217640782523300,5492985.0,1.284231,16,0.01,0.3,0.0015,0.99,0.999,1.0,0.99,1.0,NA,NA,NA,NA,,4,830
NA,NA,NA,25.0,Config6,59.5,99,51.5,0.5880675025769532,11.93,162,349,217681900350400,217681905633800,5689502.5,1.69372,12,0.01,0.3,0.0015,0.99,0.999,1.0,0.99,1.0,NA,NA,NA,NA,,6,830
NA,NA,NA,25.0,Config3,58.5,197,43.0,0.6659313038408256,12.57,150,361,217660912727500,217660918662600,5663910.0,1.176564,20,0.01,0.3,0.0015,0.99,0.999,1.0,0.99,1.0,NA,NA,NA,NA,,3,830
NA,NA,NA,25.0,Config5,54.50000000000001,344,50.0,0.5960001471331049,11.18,158,353,217675131554200,217675139568400,6317206.5,1.352827,14,0.01,0.3,0.0015,0.99,0.999,1.0,0.99,1.0,NA,NA,NA,NA,,5,830
NA,NA,NA,25.0,Config4,61.0,144,49.0,0.6775548616732988,12.49,154,357,217667676795500,217667682435200,5684490.5,1.301806,16,0.01,0.3,0.0015,0.99,0.999,1.0,0.99,1.0,NA,NA,NA,NA,,4,830
NA,NA,NA,25.0,Config6,54.0,217,45.0,0.688897297079098,12.52,180,331,217708562174100,217708567589200,5487410.0,1.561565,12,0.01,0.3,0.0015,0.99,0.999,1.0,0.99,1.0,NA,NA,NA,NA,,6,830
NA,NA,NA,25.0,Config3,57.99999999999999,322,52.5,0.7114121534133001,12.49,166,345,217688768300900,217688774173100,6079903.5,1.542402,20,0.01,0.3,0.0015,0.99,0.999,1.0,0.99,1.0,NA,NA,NA,NA,,3,830
NA,NA,NA,25.0,Config5,56.00000000000001,87,51.0,0.5924410731797427,12.0,174,337,217701959167300,217701964522900,5600586.5,1.258045,14,0.01,0.3,0.0015,0.99,0.999,1.0,0.99,1.0,NA,NA,NA,NA,,5,830
NA,NA,NA,25.0,Config4,60.0,201,49.0,0.7602470464686452,12.37,170,341,217695336638800,217695341909200,5434848.5,1.520954,16,0.01,0.3,0.0015,0.99,0.999,1.0,0.99,1.0,NA,NA,NA,NA,,4,830
NA,NA,NA,50.0,Config6,57.99999999999999,158,48.0,0.7043992318366213,11.65,152,359,218687168244700,218687174826200,7887055.0,1.45703,10,0.01,0.3,0.0015,0.99,0.999,1.0,0.99,1.0,NA,NA,NA,NA,,6,924
NA,NA,NA,50.0,Config5,57.99999999999999,289,54.0,0.6134320232531075,11.49,148,363,218678398340200,218678410268600,8644607.5,1.59116,12,0.01,0.3,0.0015,0.99,0.999,1.0,0.99,1.0,NA,NA,NA,NA,,5,924
NA,NA,NA,50.0,Config4,56.00000000000001,335,53.0,0.5747720248964301,12.72,144,367,218669320107700,218669329136100,8982725.5,1.283612,14,0.01,0.3,0.0015,0.99,0.999,1.0,0.99,1.0,NA,NA,NA,NA,,4,924
NA,NA,NA,50.0,Config3,58.5,322,55.50000000000001,0.6321730469878518,12.18,140,371,218659718762500,218659728910500,7312045.0,1.519923,16,0.01,0.3,0.0015,0.99,0.999,1.0,0.99,1.0,NA,NA,NA,NA,,3,924
NA,NA,NA,50.0,Config6,61.0,292,54.0,0.5849194704820035,12.66,168,343,218718824387500,218718831456300,8071491.5,1.351801,10,0.01,0.3,0.0015,0.99,0.999,1.0,0.99,1.0,NA,NA,NA,NA,,6,924
NA,NA,NA,50.0,Config5,56.99999999999999,396,53.0,0.7476278057056462,12.5,164,347,218710164384300,218710171479700,6802864.5,1.622883,12,0.01,0.3,0.0015,0.99,0.999,1.0,0.99,1.0,NA,NA,NA,NA,,5,924
NA,NA,NA,50.0,Config4,61.0,315,55.50000000000001,0.6116944583443015,12.43,160,351,218702929162100,218702935909300,7858599.0,1.393883,14,0.01,0.3,0.0015,0.99,0.999,1.0,0.99,1.0,NA,NA,NA,NA,,4,924
NA,NA,NA,50.0,Config3,58.5,19,46.5,0.6414501246719094,12.44,156,355,218694581971000,218694588949700,6655859.0,1.181999,16,0.01,0.3,0.0015,0.99,0.999,1.0,0.99,1.0,NA,NA,NA,NA,,3,924
NA,NA,NA,50.0,Config6,55.50000000000001,334,49.5,0.6260299145959147,12.41,186,325,218751328580700,218751334553100,6891176.5,1.041424,10,0.01,0.3,0.0015,0.99,0.999,1.0,0.99,1.0,NA,NA,NA,NA,,6,924
NA,NA,NA,50.0,Config5,57.99999999999999,322,50.0,0.7281242188247512,10.6,182,329,218743711113200,218743718933400,7484397.0,1.688187,12,0.01,0.3,0.0015,0.99,0.999,1.0,0.99,1.0,NA,NA,NA,NA,,5,924
NA,NA,NA,50.0,Config4,61.0,145,52.0,0.535355728756372,11.86,178,333,218735726380500,218735733409100,8213708.5,1.223475,14,0.01,0.3,0.0015,0.99,0.999,1.0,0.99,1.0,NA,NA,NA,NA,,4,924
NA,NA,NA,50.0,Config3,58.5,381,55.00000000000001,0.6541755716155078,11.35,174,337,218726869697000,218726876248100,6771304.0,1.658138,16,0.01,0.3,0.0015,0.99,0.999,1.0,0.99,1.0,NA,NA,NA,NA,,3,924
NA,NA,NA,75.0,Config6,63.0,80,45.0,0.6900993687116461,11.56,196,315,219886953042700,219886960575400,9350524.0,1.514198,8,0.01,0.3,0.0015,0.99,0.999,1.0,0.99,1.0,NA,NA,NA,NA,,6,1020
NA,NA,NA,75.0,Config5,55.00000000000001,336,51.5,0.6437969938815439,12.43,190,321,219876057024000,219876066907300,8053162.0,1.253967,10,0.01,0.3,0.0015,0.99,0.999,1.0,0.99,1.0,NA,NA,NA,NA,,5,1020
NA,NA,NA,75.0,Config4,57.49999999999999,216,50.0,0.6009953389234737,12.36,186,325,219866786948000,219866793799500,7019997.0,1.411761,12,0.01,0.3,0.0015,0.99,0.999,1.0,0.99,1.0,NA,NA,NA,NA,,4,1020
NA,NA,NA,75.0,Config3,57.49999999999999,151,52.5,0.6578265324271066,12.53,182,329,219858789093300,219858795411500,6211958.5,1.556296,14,0.01,0.3,0.0015,0.99,0.999,1.0,0.99,1.0,NA,NA,NA,NA,,3,1028
NA,NA,NA,75.0,Config3,59.5,2,47.5,0.7213937796687016,12.0,182,329,183608543574500,183608552416900,7415518.0,1.62811,16,0.01,0.3,0.0015,0.99,0.999,1.0,0.99,1.0,NA,NA,NA,NA,,3,1020
NA,NA,NA,75.0,Config6,55.50000000000001,378,47.0,0.7488340324653496,12.25,214,297,219930478879500,219930486457900,7940384.0,1.571417,8,0.01,0.3,0.0015,0.99,0.999,1.0,0.99,1.0,NA,NA,NA,NA,,6,1020
NA,NA,NA,75.0,Config5,60.5,3,54.50000000000001,0.6621539913144657,12.38,208,303,219920920862600,219920928381200,11497126.0,1.315233,10,0.01,0.3,0.0015,0.99,0.999,1.0,0.99,1.0,NA,NA,NA,NA,,5,1020
NA,NA,NA,75.0,Config4,58.5,0,53.0,0.6676721855180648,11.9,204,307,219908359593900,219908369765900,9615961.5,1.611373,12,0.01,0.3,0.0015,0.99,0.999,1.0,0.99,1.0,NA,NA,NA,NA,,4,1020
NA,NA,NA,75.0,Config3,53.0,203,49.5,0.7046983123406134,12.32,200,311,219897465624200,219897473962700,9534456.0,1.378218,16,0.01,0.3,0.0015,0.99,0.999,1.0,0.99,1.0,NA,NA,NA,NA,,3,1020
NA,NA,NA,75.0,Config6,56.49999999999999,236,53.5,0.6342929915379766,12.86,232,279,219968303407300,219968309675300,7055718.5,1.451043,8,0.01,0.3,0.0015,0.99,0.999,1.0,0.99,1.0,NA,NA,NA,NA,,6,1020
NA,NA,NA,75.0,Config5,56.49999999999999,205,52.0,0.6489782447334155,12.61,228,283,219959511260500,219959518043600,8571158.0,1.07231,10,0.01,0.3,0.0015,0.99,0.999,1.0,0.99,1.0,NA,NA,NA,NA,,5,1020
NA,NA,NA,75.0,Config4,56.00000000000001,94,42.5,0.7633534915379819,12.67,224,287,219949646090000,219949653517400,7710606.0,1.457497,12,0.01,0.3,0.0015,0.99,0.999,1.0,0.99,1.0,NA,NA,NA,NA,,4,1020
NA,NA,NA,75.0,Config3,53.5,200,47.0,0.6533520651610876,12.3,220,291,219940909120800,219940916653300,9676868.5,1.273557,16,0.01,0.3,0.0015,0.99,0.999,1.0,0.99,1.0,NA,NA,NA,NA,,3,1020
22,2,22N-5N-5N-5N-5N-5N-5N-5N-2N-22N-5N-5N-5N-5N-5N-5N-5N-2N,25.0,Config6,60.0,20,50.5,0.6228473883975598,12.31,46,465,115108273368700,115108278280300,5311598.5,1.67509,10,0.01,0.3,0.0015,0.99,0.999,1.0,0.99,1.0,18,118,"[22, 5, 5, 5, 5, 5, 5, 5, 2, 22, 5, 5, 5, 5, 5, 5, 5, 2]",22n-5n-5n-5n-5n-5n-5n-5n-2o,,649,718
22,2,22N-6N-6N-6N-6N-6N-6N-2N-22N-6N-6N-6N-6N-6N-6N-2N-22N-6N-6N-6N-6N-6N-6N-2N-22N-6N-6N-6N-6N-6N-6N-2N,25.0,Config5,59.5,436,52.5,0.5612750429504255,12.25,42,469,115101936150500,115101941636700,5797449.5,1.232779,12,0.01,0.3,0.0015,0.99,0.999,1.0,0.99,1.0,32,240,"[22, 6, 6, 6, 6, 6, 6, 2, 22, 6, 6, 6, 6, 6, 6, 2, 22, 6, 6, 6, 6, 6, 6, 2, 22, 6, 6, 6, 6, 6, 6, 2]",22n-6n-6n-6n-6n-6n-6n-2o,,683,718
22,2,22N-7N-7N-7N-7N-7N-2N-22N-7N-7N-7N-7N-7N-2N-22N-7N-7N-7N-7N-7N-2N-22N-7N-7N-7N-7N-7N-2N,25.0,Config4,64.0,533,56.49999999999999,0.6461620298048001,12.47,38,473,115095365999600,115095371186000,5350866.0,1.443616,14,0.01,0.3,0.0015,0.99,0.999,1.0,0.99,1.0,28,236,"[22, 7, 7, 7, 7, 7, 2, 22, 7, 7, 7, 7, 7, 2, 22, 7, 7, 7, 7, 7, 2, 22, 7, 7, 7, 7, 7, 2]",22n-7n-7n-7n-7n-7n-2o,,710,718
22,2,22N-8N-8N-8N-8N-2N-22N-8N-8N-8N-8N-2N-22N-8N-8N-8N-8N-2N,25.0,Config3,56.99999999999999,201,49.5,0.71805823908495,12.32,34,477,115089091853600,115089096900100,5376919.5,2.119154,16,0.01,0.3,0.0015,0.99,0.999,1.0,0.99,1.0,18,168,"[22, 8, 8, 8, 8, 2, 22, 8, 8, 8, 8, 2, 22, 8, 8, 8, 8, 2]",22n-8n-8n-8n-8n-2o,,695,718
22,2,22N-9N-9N-9N-9N-2N,25.0,Config3,56.49999999999999,192,54.50000000000001,0.5705244548961973,12.37,72,439,90642223066600,90642227793300,4918358.5,1.354516,18,0.01,0.3,0.0015,0.99,0.999,1.0,0.99,1.0,6,60,"[22, 9, 9, 9, 9, 2]",22n-9n-9n-9n-9n-2o,,744,718
22,2,22N-10N-10N-10N-2N-22N-10N-10N-10N-2N-22N-10N-10N-10N-2N,25.0,Config2,56.99999999999999,487,53.5,0.6405613144235801,12.52,30,481,115082822058100,115082827358800,5287570.0,1.292923,20,0.01,0.3,0.0015,0.99,0.999,1.0,0.99,1.0,15,162,"[22, 10, 10, 10, 2, 22, 10, 10, 10, 2, 22, 10, 10, 10, 2]",22n-10n-10n-10n-2o,,686,718
22,2,22N-11N-11N-11N-2N,25.0,Config2,54.50000000000001,91,46.5,0.7721141254015695,12.39,68,443,90637446405100,90637451193500,4767355.0,1.70107,22,0.01,0.3,0.0015,0.99,0.999,1.0,0.99,1.0,5,57,"[22, 11, 11, 11, 2]",22n-11n-11n-11n-2o,,753,718
22,2,22N-14N-14N-2N-22N-14N-14N-2N-22N-14N-14N-2N-22N-14N-14N-2N,25.0,Config1,58.5,604,49.5,0.6804415201228267,11.82,26,485,115076593382100,115076598219400,5179818.0,1.107448,28,0.01,0.3,0.0015,0.99,0.999,1.0,0.99,1.0,16,208,"[22, 14, 14, 2, 22, 14, 14, 2, 22, 14, 14, 2, 22, 14, 14, 2]",22n-14n-14n-2o,,698,718
22,2,22N-5N-5N-5N-5N-5N-5N-5N-2N,25.0,Config6,58.5,104,50.5,0.6108851809477083,12.65,70,441,115145494047500,115145502525800,5260557.0,1.011549,10,0.01,0.3,0.0015,0.99,0.999,1.0,0.99,1.0,9,59,"[22, 5, 5, 5, 5, 5, 5, 5, 2]",22n-5n-5n-5n-5n-5n-5n-5n-2o,,646,718
22,2,22N-6N-6N-6N-6N-6N-6N-6N-2N,25.0,Config6,51.0,51,46.5,0.6238470992792589,12.29,64,447,136029080309300,136029086256200,6155017.5,1.012141,12,0.01,0.3,0.0015,0.99,0.999,1.0,0.99,1.0,9,66,"[22, 6, 6, 6, 6, 6, 6, 6, 2]",22n-6n-6n-6n-6n-6n-6n-6n-2o,,790,718
22,2,22N-6N-6N-6N-6N-6N-6N-2N-22N-6N-6N-6N-6N-6N-6N-2N-22N-6N-6N-6N-6N-6N-6N-2N-22N-6N-6N-6N-6N-6N-6N-2N,25.0,Config5,59.0,469,50.5,0.6616151702450199,12.41,64,447,115139204833000,115139210005200,5505438.0,1.379245,12,0.01,0.3,0.0015,0.99,0.999,1.0,0.99,1.0,32,240,"[22, 6, 6, 6, 6, 6, 6, 2, 22, 6, 6, 6, 6, 6, 6, 2, 22, 6, 6, 6, 6, 6, 6, 2, 22, 6, 6, 6, 6, 6, 6, 2]",22n-6n-6n-6n-6n-6n-6n-2o,,685,718
22,2,22N-7N-7N-7N-7N-7N-2N-22N-7N-7N-7N-7N-7N-2N-22N-7N-7N-7N-7N-7N-2N-22N-7N-7N-7N-7N-7N-2N,25.0,Config4,63.5,638,57.99999999999999,0.5476265384951853,12.37,60,451,115132834943300,115132840198100,5656832.5,1.274866,14,0.01,0.3,0.0015,0.99,0.999,1.0,0.99,1.0,28,236,"[22, 7, 7, 7, 7, 7, 2, 22, 7, 7, 7, 7, 7, 2, 22, 7, 7, 7, 7, 7, 2, 22, 7, 7, 7, 7, 7, 2]",22n-7n-7n-7n-7n-7n-2o,,697,718
22,2,22N-8N-8N-8N-8N-2N-22N-8N-8N-8N-8N-2N-22N-8N-8N-8N-8N-2N-22N-8N-8N-8N-8N-2N,25.0,Config3,60.5,640,51.0,0.6149203452332977,11.74,56,455,115126481836400,115126487680400,5076118.5,1.45137,16,0.01,0.3,0.0015,0.99,0.999,1.0,0.99,1.0,24,224,"[22, 8, 8, 8, 8, 2, 22, 8, 8, 8, 8, 2, 22, 8, 8, 8, 8, 2, 22, 8, 8, 8, 8, 2]",22n-8n-8n-8n-8n-2o,,685,718
22,2,22N-10N-10N-10N-2N-22N-10N-10N-10N-2N-22N-10N-10N-10N-2N-22N-10N-10N-10N-2N,25.0,Config2,56.99999999999999,0,50.0,0.7235868415901371,12.62,52,459,115120389201300,115120394122600,5291282.0,1.843876,20,0.01,0.3,0.0015,0.99,0.999,1.0,0.99,1.0,20,216,"[22, 10, 10, 10, 2, 22, 10, 10, 10, 2, 22, 10, 10, 10, 2, 22, 10, 10, 10, 2]",22n-10n-10n-10n-2o,,682,718
22,2,22N-14N-14N-2N-22N-14N-14N-2N-22N-14N-14N-2N-22N-14N-14N-2N,25.0,Config1,61.0,465,51.0,0.6164326748351899,12.39,50,461,115114295132300,115114299909900,5021287.5,1.248795,28,0.01,0.3,0.0015,0.99,0.999,1.0,0.99,1.0,16,208,"[22, 14, 14, 2, 22, 14, 14, 2, 22, 14, 14, 2, 22, 14, 14, 2]",22n-14n-14n-2o,,699,718
22,2,22N-5N-5N-5N-5N-5N-5N-5N-2N,25.0,Config6,56.99999999999999,87,50.0,0.6252927115997635,12.37,92,419,115194461794000,115194469356500,5780779.5,1.320579,10,0.01,0.3,0.0015,0.99,0.999,1.0,0.99,1.0,9,59,"[22, 5, 5, 5, 5, 5, 5, 5, 2]",22n-5n-5n-5n-5n-5n-5n-5n-2o,,648,718
22,2,22N-6N-6N-6N-6N-6N-6N-6N-2N,25.0,Config6,57.99999999999999,170,52.0,0.5668686432776325,9.96,88,423,136061234234100,136061241712400,7538872.0,1.061955,12,0.01,0.3,0.0015,0.99,0.999,1.0,0.99,1.0,9,66,"[22, 6, 6, 6, 6, 6, 6, 6, 2]",22n-6n-6n-6n-6n-6n-6n-6n-2o,,789,718
22,2,22N-6N-6N-6N-6N-6N-6N-2N-22N-6N-6N-6N-6N-6N-6N-2N-22N-6N-6N-6N-6N-6N-6N-2N-22N-6N-6N-6N-6N-6N-6N-2N,25.0,Config5,59.0,174,53.5,0.5924461298025754,12.45,88,423,115187320016000,115187328720000,7095870.5,1.581068,12,0.01,0.3,0.0015,0.99,0.999,1.0,0.99,1.0,32,240,"[22, 6, 6, 6, 6, 6, 6, 2, 22, 6, 6, 6, 6, 6, 6, 2, 22, 6, 6, 6, 6, 6, 6, 2, 22, 6, 6, 6, 6, 6, 6, 2]",22n-6n-6n-6n-6n-6n-6n-2o,,698,718
22,2,22N-7N-7N-7N-7N-7N-2N-22N-7N-7N-7N-7N-7N-2N-22N-7N-7N-7N-7N-7N-2N-22N-7N-7N-7N-7N-7N-2N,25.0,Config4,60.5,765,54.0,0.5776129010921877,12.11,84,427,115179263349200,115179271153400,7622202.5,1.339373,14,0.01,0.3,0.0015,0.99,0.999,1.0,0.99,1.0,28,236,"[22, 7, 7, 7, 7, 7, 2, 22, 7, 7, 7, 7, 7, 2, 22, 7, 7, 7, 7, 7, 2, 22, 7, 7, 7, 7, 7, 2]",22n-7n-7n-7n-7n-7n-2o,,691,718
22,2,22N-8N-8N-8N-8N-2N-22N-8N-8N-8N-8N-2N-22N-8N-8N-8N-8N-2N,25.0,Config3,57.99999999999999,583,54.0,0.622431882471009,12.38,80,431,115170898011300,115170903699300,7684717.0,1.672933,16,0.01,0.3,0.0015,0.99,0.999,1.0,0.99,1.0,18,168,"[22, 8, 8, 8, 8, 2, 22, 8, 8, 8, 8, 2, 22, 8, 8, 8, 8, 2]",22n-8n-8n-8n-8n-2o,,691,718
22,2,22N-9N-9N-9N-9N-2N,25.0,Config3,57.99999999999999,27,51.5,0.7322793195786206,12.42,120,391,131707126799100,131707132703900,5814195.0,1.741818,18,0.01,0.3,0.0015,0.99,0.999,1.0,0.99,1.0,6,60,"[22, 9, 9, 9, 9, 2]",22n-9n-9n-9n-9n-2o,,735,718
22,2,22N-10N-10N-10N-2N-22N-10N-10N-10N-2N-22N-10N-10N-10N-2N-22N-10N-10N-10N-2N,25.0,Config2,55.50000000000001,356,51.0,0.6121730936907863,12.72,76,435,115161953829500,115161963649200,7232773.5,1.424858,20,0.01,0.3,0.0015,0.99,0.999,1.0,0.99,1.0,20,216,"[22, 10, 10, 10, 2, 22, 10, 10, 10, 2, 22, 10, 10, 10, 2, 22, 10, 10, 10, 2]",22n-10n-10n-10n-2o,,684,718
22,2,22N-14N-14N-2N-22N-14N-14N-2N-22N-14N-14N-2N-22N-14N-14N-2N,25.0,Config1,56.99999999999999,81,46.0,0.7615869028700939,12.57,72,439,115153605958100,115153611349400,6975063.0,1.267176,28,0.01,0.3,0.0015,0.99,0.999,1.0,0.99,1.0,16,208,"[22, 14, 14, 2, 22, 14, 14, 2, 22, 14, 14, 2, 22, 14, 14, 2]",22n-14n-14n-2o,,704,718
NA,NA,NA,0.0,Config6,55.50000000000001,198,43.5,0.5244466887624092,12.3,64,447,215750431827700,215750437860500,5138157.0,0.904936,16,0.01,0.3,0.0015,0.99,0.999,1.0,0.99,1.0,NA,NA,NA,NA,,6,718
NA,NA,NA,0.0,Config4,59.0,51,43.5,0.6720755351269471,12.52,54,457,215736158546500,215736164444300,6414844.0,0.900276,20,0.01,0.3,0.0015,0.99,0.999,1.0,0.99,1.0,NA,NA,NA,NA,,4,718
NA,NA,NA,0.0,Config3,57.49999999999999,63,56.00000000000001,0.623883604630569,11.75,50,461,215728056726400,215728064199300,6595859.5,1.278623,22,0.01,0.3,0.0015,0.99,0.999,1.0,0.99,1.0,NA,NA,NA,NA,,3,718
NA,NA,NA,0.0,Config5,57.99999999999999,0,48.0,0.6216078832150673,11.71,58,453,215743466887700,215743472219200,5552168.5,1.062723,18,0.01,0.3,0.0015,0.99,0.999,1.0,0.99,1.0,NA,NA,NA,NA,,5,718
NA,NA,NA,0.0,Config6,60.5,253,50.0,0.507227955100876,12.58,80,431,215778401453300,215778406117300,4852163.5,0.814074,16,0.01,0.3,0.0015,0.99,0.999,1.0,0.99,1.0,NA,NA,NA,NA,,6,718
NA,NA,NA,0.0,Config4,60.5,359,53.0,0.5421408905742379,12.78,72,439,215764669325600,215764674400600,5683657.0,0.917482,20,0.01,0.3,0.0015,0.99,0.999,1.0,0.99,1.0,NA,NA,NA,NA,,4,718
NA,NA,NA,0.0,Config3,61.0,316,56.49999999999999,0.6292980854591448,12.54,68,443,215757375672300,215757380388100,5145422.5,1.062451,22,0.01,0.3,0.0015,0.99,0.999,1.0,0.99,1.0,NA,NA,NA,NA,,3,718
NA,NA,NA,0.0,Config5,60.5,114,55.00000000000001,0.5756036065983705,12.69,76,435,215771721978500,215771727326800,5352081.5,1.031858,18,0.01,0.3,0.0015,0.99,0.999,1.0,0.99,1.0,NA,NA,NA,NA,,5,718
NA,NA,NA,0.0,Config6,56.49999999999999,273,49.5,0.5319808863704747,12.65,96,415,215805682834300,215805687685800,4917959.5,0.909899,16,0.01,0.3,0.0015,0.99,0.999,1.0,0.99,1.0,NA,NA,NA,NA,,6,718
NA,NA,NA,0.0,Config4,57.49999999999999,3,42.0,0.7395773643633586,12.36,88,423,215792011199900,215792017079500,5180073.0,1.115533,20,0.01,0.3,0.0015,0.99,0.999,1.0,0.99,1.0,NA,NA,NA,NA,,4,718
NA,NA,NA,0.0,Config3,60.0,345,50.0,0.6633486670412044,12.27,84,427,215785196060000,215785201272500,5055355.0,1.25079,22,0.01,0.3,0.0015,0.99,0.999,1.0,0.99,1.0,NA,NA,NA,NA,,3,718
NA,NA,NA,0.0,Config5,61.0,345,53.0,0.5370566980903153,12.47,92,419,215799001442400,215799006637700,5432941.0,0.913123,18,0.01,0.3,0.0015,0.99,0.999,1.0,0.99,1.0,NA,NA,NA,NA,,5,718
NA,NA,NA,10.0,Config6,57.99999999999999,47,51.5,0.6185102834596252,12.34,194,317,216750809845900,216750815719400,5607852.5,1.139453,14,0.01,0.3,0.0015,0.99,0.999,1.0,0.99,1.0,NA,NA,NA,NA,,6,762
NA,NA,NA,10.0,Config3,56.00000000000001,33,45.0,0.6808401128337637,12.65,182,329,216730277378700,216730282117900,4767089.0,1.290554,20,0.01,0.3,0.0015,0.99,0.999,1.0,0.99,1.0,NA,NA,NA,NA,,3,762
NA,NA,NA,10.0,Config5,59.5,262,46.0,0.5679902404383562,12.52,190,321,216743773654300,216743780531200,5541801.0,1.189151,16,0.01,0.3,0.0015,0.99,0.999,1.0,0.99,1.0,NA,NA,NA,NA,,5,762
NA,NA,NA,10.0,Config4,60.5,238,55.00000000000001,0.5984753077267913,12.65,186,325,216736939898100,216736945082500,5374140.0,1.390564,18,0.01,0.3,0.0015,0.99,0.999,1.0,0.99,1.0,NA,NA,NA,NA,,4,762
NA,NA,NA,10.0,Config6,56.49999999999999,146,52.5,0.6024717465726988,12.16,212,299,216777330271000,216777335332900,5396699.0,1.25716,14,0.01,0.3,0.0015,0.99,0.999,1.0,0.99,1.0,NA,NA,NA,NA,,6,762
NA,NA,NA,10.0,Config3,56.49999999999999,340,43.0,0.7258762713381326,12.37,198,313,216757218800000,216757223650000,4917800.0,1.137153,20,0.01,0.3,0.0015,0.99,0.999,1.0,0.99,1.0,NA,NA,NA,NA,,3,762
NA,NA,NA,10.0,Config5,56.99999999999999,318,50.0,0.6211055316201002,12.77,206,305,216770511914900,216770517289600,5368901.0,1.037284,16,0.01,0.3,0.0015,0.99,0.999,1.0,0.99,1.0,NA,NA,NA,NA,,5,762
NA,NA,NA,10.0,Config4,57.49999999999999,216,45.5,0.5786847400473115,12.77,202,309,216763888615700,216763894364600,5319003.0,1.020971,18,0.01,0.3,0.0015,0.99,0.999,1.0,0.99,1.0,NA,NA,NA,NA,,4,762
NA,NA,NA,10.0,Config6,60.0,61,48.5,0.608074881730452,12.4,228,283,216803572789600,216803578055800,5155428.5,0.973506,14,0.01,0.3,0.0015,0.99,0.999,1.0,0.99,1.0,NA,NA,NA,NA,,6,762
NA,NA,NA,10.0,Config3,57.99999999999999,206,50.0,0.6631952157628315,12.47,216,295,216783794901900,216783799793600,4885977.5,1.243473,20,0.01,0.3,0.0015,0.99,0.999,1.0,0.99,1.0,NA,NA,NA,NA,,3,762
NA,NA,NA,10.0,Config5,56.49999999999999,205,50.0,0.6134210263235276,12.52,224,287,216796998382400,216797004047300,5338404.0,1.21459,16,0.01,0.3,0.0015,0.99,0.999,1.0,0.99,1.0,NA,NA,NA,NA,,5,762
NA,NA,NA,10.0,Config4,57.99999999999999,223,57.99999999999999,0.6191733786987083,12.5,220,291,216790366560400,216790371655300,5189900.5,1.473452,18,0.01,0.3,0.0015,0.99,0.999,1.0,0.99,1.0,NA,NA,NA,NA,,4,762
NA,NA,NA,100.0,Config6,59.0,168,52.0,0.7021287981418388,12.51,288,223,221366745704200,221366753929900,9369807.0,1.966756,8,0.01,0.3,0.0015,0.99,0.999,1.0,0.99,1.0,NA,NA,NA,NA,,6,1146
NA,NA,NA,100.0,Config5,56.00000000000001,31,47.0,0.7034983267660411,12.23,284,227,221357493806400,221357502969200,9162509.5,1.641328,10,0.01,0.3,0.0015,0.99,0.999,1.0,0.99,1.0,NA,NA,NA,NA,,5,1146
NA,NA,NA,100.0,Config4,62.0,131,50.0,0.7849880132724646,11.84,280,231,221348609933100,221348617945600,9351246.0,1.941163,12,0.01,0.3,0.0015,0.99,0.999,1.0,0.99,1.0,NA,NA,NA,NA,,4,1146
NA,NA,NA,100.0,Config3,60.0,305,53.0,0.67940727155725,12.7,276,235,221339521539700,221339528940100,7999842.5,2.156917,14,0.01,0.3,0.0015,0.99,0.999,1.0,0.99,1.0,NA,NA,NA,NA,,3,1146
NA,NA,NA,100.0,Config6,57.99999999999999,367,54.0,0.6309955685937986,12.72,6,505,221401459346500,221401469743900,8221002.5,0.903748,8,0.01,0.3,0.0015,0.99,0.999,1.0,0.99,1.0,NA,NA,NA,NA,,6,1146
NA,NA,NA,100.0,Config5,59.0,226,50.0,0.692072602870213,12.45,302,209,221392759774800,221392769547300,8866692.0,1.978282,10,0.01,0.3,0.0015,0.99,0.999,1.0,0.99,1.0,NA,NA,NA,NA,,5,1146
NA,NA,NA,100.0,Config4,59.5,292,51.0,0.7195916582664921,12.34,298,213,221384075949900,221384084354000,8885926.0,2.007919,12,0.01,0.3,0.0015,0.99,0.999,1.0,0.99,1.0,NA,NA,NA,NA,,4,1146
NA,NA,NA,100.0,Config3,56.49999999999999,203,51.0,0.6935413344850483,12.36,294,217,221375285082700,221375293450000,8079172.0,1.566676,14,0.01,0.3,0.0015,0.99,0.999,1.0,0.99,1.0,NA,NA,NA,NA,,3,1146
NA,NA,NA,100.0,Config6,57.49999999999999,3,48.0,0.7568472675341222,12.36,24,487,221440160924900,221440169918800,9285911.5,1.965307,8,0.01,0.3,0.0015,0.99,0.999,1.0,0.99,1.0,NA,NA,NA,NA,,6,1146
NA,NA,NA,100.0,Config5,57.49999999999999,201,48.0,0.8489207440806564,12.36,20,491,221430368432600,221430379448300,9888800.0,1.659801,10,0.01,0.3,0.0015,0.99,0.999,1.0,0.99,1.0,NA,NA,NA,NA,,5,1146
NA,NA,NA,100.0,Config4,55.00000000000001,200,47.0,0.7617903096756293,12.38,16,495,221420171905600,221420180847600,9614908.0,1.742437,12,0.01,0.3,0.0015,0.99,0.999,1.0,0.99,1.0,NA,NA,NA,NA,,4,1146
NA,NA,NA,100.0,Config3,56.99999999999999,219,52.5,0.6354383197673098,11.68,12,499,221410412134600,221410420012500,8541413.5,1.442185,14,0.01,0.3,0.0015,0.99,0.999,1.0,0.99,1.0,NA,NA,NA,NA,,3,1146
NA,NA,NA,25.0,Config6,55.00000000000001,39,42.0,0.6705927511138658,12.75,196,315,217735710151900,217735716332200,5597433.5,1.49739,12,0.01,0.3,0.0015,0.99,0.999,1.0,0.99,1.0,NA,NA,NA,NA,,6,830
NA,NA,NA,25.0,Config3,56.00000000000001,111,51.0,0.6617002609549786,12.64,184,327,217715506136600,217715512420300,6328589.5,1.458485,20,0.01,0.3,0.0015,0.99,0.999,1.0,0.99,1.0,NA,NA,NA,NA,,3,830
NA,NA,NA,25.0,Config5,56.00000000000001,130,53.0,0.6403108712938459,12.37,192,319,217729044038400,217729049798800,5999991.0,1.503227,14,0.01,0.3,0.0015,0.99,0.999,1.0,0.99,1.0,NA,NA,NA,NA,,5,830
NA,NA,NA,25.0,Config4,57.99999999999999,4,46.0,0.7352437380293796,12.24,188,323,217722121204200,217722126751100,5530303.5,1.173818,16,0.01,0.3,0.0015,0.99,0.999,1.0,0.99,1.0,NA,NA,NA,NA,,4,830
NA,NA,NA,25.0,Config6,58.5,141,44.0,0.6373084207930451,12.65,212,299,217763104660400,217763110372600,5364753.0,1.54392,12,0.01,0.3,0.0015,0.99,0.999,1.0,0.99,1.0,NA,NA,NA,NA,,6,830
NA,NA,NA,25.0,Config3,60.0,60,44.5,0.7799368345050195,12.01,200,311,217743112368000,217743118275000,6665209.0,1.398891,20,0.01,0.3,0.0015,0.99,0.999,1.0,0.99,1.0,NA,NA,NA,NA,,3,830
NA,NA,NA,25.0,Config5,56.49999999999999,180,52.5,0.6747873887114673,12.51,208,303,217756511682800,217756517706100,5840270.0,1.53413,14,0.01,0.3,0.0015,0.99,0.999,1.0,0.99,1.0,NA,NA,NA,NA,,5,830
NA,NA,NA,25.0,Config4,56.49999999999999,178,53.5,0.5928699434625835,12.09,204,307,217749705311900,217749710744800,5450689.0,1.391045,16,0.01,0.3,0.0015,0.99,0.999,1.0,0.99,1.0,NA,NA,NA,NA,,4,830
NA,NA,NA,25.0,Config6,60.0,66,51.5,0.6784321206622509,12.59,230,281,217790405432700,217790410921200,5569610.0,1.128426,12,0.01,0.3,0.0015,0.99,0.999,1.0,0.99,1.0,NA,NA,NA,NA,,6,830
NA,NA,NA,25.0,Config3,57.49999999999999,317,49.5,0.6376515120996157,12.39,216,295,217770190921300,217770196597500,6203542.0,1.224088,20,0.01,0.3,0.0015,0.99,0.999,1.0,0.99,1.0,NA,NA,NA,NA,,3,830
NA,NA,NA,25.0,Config5,57.49999999999999,63,47.0,0.7069640331665055,12.18,224,287,217783609545900,217783615347600,5623381.5,1.408707,14,0.01,0.3,0.0015,0.99,0.999,1.0,0.99,1.0,NA,NA,NA,NA,,5,830
NA,NA,NA,25.0,Config4,59.5,192,49.5,0.6957715326887224,12.67,220,291,217776914436800,217776920000600,5634809.0,1.27674,16,0.01,0.3,0.0015,0.99,0.999,1.0,0.99,1.0,NA,NA,NA,NA,,4,830
NA,NA,NA,50.0,Config6,56.99999999999999,380,50.5,0.642299938747213,12.51,202,309,218784954333800,218784960308700,6219757.5,1.717415,10,0.01,0.3,0.0015,0.99,0.999,1.0,0.99,1.0,NA,NA,NA,NA,,6,924
NA,NA,NA,50.0,Config5,55.50000000000001,212,48.0,0.7639320121639109,12.54,198,313,218777872935400,218777879725000,8799752.5,1.540071,12,0.01,0.3,0.0015,0.99,0.999,1.0,0.99,1.0,NA,NA,NA,NA,,5,924
NA,NA,NA,50.0,Config4,54.0,331,49.0,0.7130603874609862,12.45,194,317,218768321159600,218768330063000,8161732.5,1.887695,14,0.01,0.3,0.0015,0.99,0.999,1.0,0.99,1.0,NA,NA,NA,NA,,4,924
NA,NA,NA,50.0,Config3,54.50000000000001,218,51.5,0.7270171575938753,11.58,190,321,218759810832600,218759818495300,7505365.5,1.648051,16,0.01,0.3,0.0015,0.99,0.999,1.0,0.99,1.0,NA,NA,NA,NA,,3,924
NA,NA,NA,50.0,Config6,57.49999999999999,5,48.5,0.7005280511131545,12.44,220,291,218819877974600,218819884139800,6785939.0,1.747962,10,0.01,0.3,0.0015,0.99,0.999,1.0,0.99,1.0,NA,NA,NA,NA,,6,924
NA,NA,NA,50.0,Config5,59.0,179,48.5,0.6786432625388538,11.71,216,295,218812673534300,218812681703500,10037061.5,1.719433,12,0.01,0.3,0.0015,0.99,0.999,1.0,0.99,1.0,NA,NA,NA,NA,,5,924
NA,NA,NA,50.0,Config4,56.99999999999999,379,52.5,0.6422450782192386,12.22,210,301,218802206155800,218802214114600,8175147.0,1.284776,14,0.01,0.3,0.0015,0.99,0.999,1.0,0.99,1.0,NA,NA,NA,NA,,4,924
NA,NA,NA,50.0,Config3,58.5,389,54.50000000000001,0.6129521045828173,10.31,206,305,218793521535300,218793529394600,7414457.0,1.272827,16,0.01,0.3,0.0015,0.99,0.999,1.0,0.99,1.0,NA,NA,NA,NA,,3,924
NA,NA,NA,50.0,Config6,52.0,202,47.0,0.6860462032849245,11.19,236,275,218853664057800,218853671580700,7718952.0,1.525646,10,0.01,0.3,0.0015,0.99,0.999,1.0,0.99,1.0,NA,NA,NA,NA,,6,924
NA,NA,NA,50.0,Config5,57.49999999999999,9,48.0,0.6981617801289581,11.74,232,279,218845110459300,218845118113900,7928385.5,1.19684,12,0.01,0.3,0.0015,0.99,0.999,1.0,0.99,1.0,NA,NA,NA,NA,,5,924
NA,NA,NA,50.0,Config4,56.00000000000001,388,51.0,0.6977182586104557,12.31,228,283,218836717870700,218836726506600,7992674.5,1.453884,14,0.01,0.3,0.0015,0.99,0.999,1.0,0.99,1.0,NA,NA,NA,NA,,4,924
NA,NA,NA,50.0,Config3,61.0,120,52.0,0.6064922211880126,12.08,224,287,218828127889100,218828134104300,7248850.0,1.313722,16,0.01,0.3,0.0015,0.99,0.999,1.0,0.99,1.0,NA,NA,NA,NA,,3,924
NA,NA,NA,75.0,Config6,57.99999999999999,114,52.0,0.6549491816416326,12.4,250,261,220006682409400,220006692371000,7869302.0,1.463329,8,0.01,0.3,0.0015,0.99,0.999,1.0,0.99,1.0,NA,NA,NA,NA,,6,1020
NA,NA,NA,75.0,Config5,58.5,1,52.0,0.6382078334220299,12.25,246,265,219997041624700,219997054009400,9093703.5,1.785335,10,0.01,0.3,0.0015,0.99,0.999,1.0,0.99,1.0,NA,NA,NA,NA,,5,1020
NA,NA,NA,75.0,Config4,57.49999999999999,163,48.0,0.6781394721580577,12.47,242,269,219986490962500,219986497746500,7836146.5,1.705811,12,0.01,0.3,0.0015,0.99,0.999,1.0,0.99,1.0,NA,NA,NA,NA,,4,1020
NA,NA,NA,75.0,Config3,56.99999999999999,166,49.0,0.6720424747411073,12.43,238,273,219977337066200,219977345177300,8155673.5,1.137981,16,0.01,0.3,0.0015,0.99,0.999,1.0,0.99,1.0,NA,NA,NA,NA,,3,1020
NA,NA,NA,75.0,Config6,54.0,99,44.5,0.7768362753433706,12.37,268,243,220044881414600,220044889652600,7466464.0,1.735553,8,0.01,0.3,0.0015,0.99,0.999,1.0,0.99,1.0,NA,NA,NA,NA,,6,1020
NA,NA,NA,75.0,Config5,55.50000000000001,66,48.5,0.6589713678756604,12.42,264,247,220035826405500,220035833391200,7931069.0,1.375079,10,0.01,0.3,0.0015,0.99,0.999,1.0,0.99,1.0,NA,NA,NA,NA,,5,1020
NA,NA,NA,75.0,Config4,59.0,244,53.0,0.6867463783944733,12.78,258,253,220026617718400,220026627606300,8469560.0,1.594792,12,0.01,0.3,0.0015,0.99,0.999,1.0,0.99,1.0,NA,NA,NA,NA,,4,1020
NA,NA,NA,75.0,Config3,53.5,0,44.5,0.7406028741701423,12.38,252,259,183719646329100,183719652018300,5658941.0,1.402419,14,0.01,0.3,0.0015,0.99,0.999,1.0,0.99,1.0,NA,NA,NA,NA,,3,1020
NA,NA,NA,75.0,Config3,52.0,81,46.5,0.8012801567783151,11.96,254,257,220016675206800,220016684740300,8948764.5,1.855124,16,0.01,0.3,0.0015,0.99,0.999,1.0,0.99,1.0,NA,NA,NA,NA,,3,1028
NA,NA,NA,75.0,Config6,54.50000000000001,5,49.5,0.7096273222920287,11.44,286,225,220080766419400,220080773822100,7580307.0,1.552205,8,0.01,0.3,0.0015,0.99,0.999,1.0,0.99,1.0,NA,NA,NA,NA,,6,1020
NA,NA,NA,75.0,Config5,57.49999999999999,204,48.0,0.7156407735734976,11.24,280,231,220071851231200,220071859729000,7594552.0,1.476815,10,0.01,0.3,0.0015,0.99,0.999,1.0,0.99,1.0,NA,NA,NA,NA,,5,1020
NA,NA,NA,75.0,Config4,54.50000000000001,372,49.5,0.6807988412871702,12.41,276,235,220062909691900,220062917068700,7535690.0,1.386973,12,0.01,0.3,0.0015,0.99,0.999,1.0,0.99,1.0,NA,NA,NA,NA,,4,1020
NA,NA,NA,75.0,Config3,57.49999999999999,32,53.0,0.707407222854585,12.23,272,239,220053862825500,220053870422400,7227316.5,1.578773,14,0.01,0.3,0.0015,0.99,0.999,1.0,0.99,1.0,NA,NA,NA,NA,,3,1028
NA,NA,NA,75.0,Config3,57.49999999999999,156,54.50000000000001,0.6937447970357782,12.47,270,241,183746952512400,183746959705000,7232955.0,1.582618,16,0.01,0.3,0.0015,0.99,0.999,1.0,0.99,1.0,NA,NA,NA,NA,,3,1020
22,2,22N-5N-5N-5N-5N-5N-5N-5N-2N-22N-5N-5N-5N-5N-5N-5N-5N-2N,25.0,Config6,58.5,324,54.50000000000001,0.5477887724130951,12.37,114,397,115241844747700,115241850878900,6349469.5,1.168738,10,0.01,0.3,0.0015,0.99,0.999,1.0,0.99,1.0,18,118,"[22, 5, 5, 5, 5, 5, 5, 5, 2, 22, 5, 5, 5, 5, 5, 5, 5, 2]",22n-5n-5n-5n-5n-5n-5n-5n-2o,,660,718
22,2,22N-6N-6N-6N-6N-6N-6N-2N-22N-6N-6N-6N-6N-6N-6N-2N-22N-6N-6N-6N-6N-6N-6N-2N-22N-6N-6N-6N-6N-6N-6N-2N,25.0,Config5,59.0,609,51.0,0.5744947089921585,10.89,110,401,115234348202900,115234353958000,6283867.0,1.622927,12,0.01,0.3,0.0015,0.99,0.999,1.0,0.99,1.0,32,240,"[22, 6, 6, 6, 6, 6, 6, 2, 22, 6, 6, 6, 6, 6, 6, 2, 22, 6, 6, 6, 6, 6, 6, 2, 22, 6, 6, 6, 6, 6, 6, 2]",22n-6n-6n-6n-6n-6n-6n-2o,,701,718
22,2,22N-7N-7N-7N-7N-7N-2N-22N-7N-7N-7N-7N-7N-2N-22N-7N-7N-7N-7N-7N-2N-22N-7N-7N-7N-7N-7N-2N,25.0,Config4,58.5,626,53.5,0.619549169629091,12.8,106,405,115226902340800,115226907446100,6139608.0,1.31361,14,0.01,0.3,0.0015,0.99,0.999,1.0,0.99,1.0,28,236,"[22, 7, 7, 7, 7, 7, 2, 22, 7, 7, 7, 7, 7, 2, 22, 7, 7, 7, 7, 7, 2, 22, 7, 7, 7, 7, 7, 2]",22n-7n-7n-7n-7n-7n-2o,,710,718
22,2,22N-8N-8N-8N-8N-2N-22N-8N-8N-8N-8N-2N-22N-8N-8N-8N-8N-2N,25.0,Config3,62.0,594,56.99999999999999,0.5405652129852428,11.21,102,409,115219622191000,115219628032300,7227847.5,1.296921,16,0.01,0.3,0.0015,0.99,0.999,1.0,0.99,1.0,18,168,"[22, 8, 8, 8, 8, 2, 22, 8, 8, 8, 8, 2, 22, 8, 8, 8, 8, 2]",22n-8n-8n-8n-8n-2o,,686,718
22,2,22N-9N-9N-9N-9N-2N,25.0,Config3,49.0,7,45.0,0.8473799392249306,12.43,144,367,90713210441800,90713215828500,5079538.5,1.57284,18,0.01,0.3,0.0015,0.99,0.999,1.0,0.99,1.0,6,60,"[22, 9, 9, 9, 9, 2]",22n-9n-9n-9n-9n-2o,,749,718
22,2,22N-10N-10N-10N-2N-22N-10N-10N-10N-2N-22N-10N-10N-10N-2N-22N-10N-10N-10N-2N,25.0,Config2,56.99999999999999,230,50.5,0.7069679587382908,11.32,98,413,115211030527800,115211036271400,7209795.5,1.486989,20,0.01,0.3,0.0015,0.99,0.999,1.0,0.99,1.0,20,216,"[22, 10, 10, 10, 2, 22, 10, 10, 10, 2, 22, 10, 10, 10, 2, 22, 10, 10, 10, 2]",22n-10n-10n-10n-2o,,691,718
22,2,22N-14N-14N-2N-22N-14N-14N-2N-22N-14N-14N-2N-22N-14N-14N-2N,25.0,Config1,58.5,174,50.0,0.6317771902427449,11.85,94,417,115202254519600,115202261188500,6726822.5,1.123433,28,0.01,0.3,0.0015,0.99,0.999,1.0,0.99,1.0,16,208,"[22, 14, 14, 2, 22, 14, 14, 2, 22, 14, 14, 2, 22, 14, 14, 2]",22n-14n-14n-2o,,697,718
22,2,22N-5N-5N-5N-5N-5N-5N-5N-2N-22N-5N-5N-5N-5N-5N-5N-5N-2N,25.0,Config6,56.99999999999999,47,46.5,0.6721394650514649,12.27,138,373,115288809713700,115288816611400,5791822.5,1.458239,10,0.01,0.3,0.0015,0.99,0.999,1.0,0.99,1.0,18,118,"[22, 5, 5, 5, 5, 5, 5, 5, 2, 22, 5, 5, 5, 5, 5, 5, 5, 2]",22n-5n-5n-5n-5n-5n-5n-5n-2o,,647,718
22,2,22N-6N-6N-6N-6N-6N-6N-2N-22N-6N-6N-6N-6N-6N-6N-2N-22N-6N-6N-6N-6N-6N-6N-2N-22N-6N-6N-6N-6N-6N-6N-2N,25.0,Config5,58.5,669,47.5,0.6495282887058182,10.63,132,379,115281850616900,115281882831600,6995233.5,1.067539,12,0.01,0.3,0.0015,0.99,0.999,1.0,0.99,1.0,32,240,"[22, 6, 6, 6, 6, 6, 6, 2, 22, 6, 6, 6, 6, 6, 6, 2, 22, 6, 6, 6, 6, 6, 6, 2, 22, 6, 6, 6, 6, 6, 6, 2]",22n-6n-6n-6n-6n-6n-6n-2o,,682,718
22,2,22N-7N-7N-7N-7N-7N-2N-22N-7N-7N-7N-7N-7N-2N-22N-7N-7N-7N-7N-7N-2N-22N-7N-7N-7N-7N-7N-2N,25.0,Config4,58.5,729,54.0,0.6267410244628249,12.66,128,383,115273762811800,115273769294300,7923136.5,1.251189,14,0.01,0.3,0.0015,0.99,0.999,1.0,0.99,1.0,28,236,"[22, 7, 7, 7, 7, 7, 2, 22, 7, 7, 7, 7, 7, 2, 22, 7, 7, 7, 7, 7, 2, 22, 7, 7, 7, 7, 7, 2]",22n-7n-7n-7n-7n-7n-2o,,694,718
22,2,22N-8N-8N-8N-8N-2N-22N-8N-8N-8N-8N-2N-22N-8N-8N-8N-8N-2N,25.0,Config3,56.00000000000001,0,45.5,0.7568569476556349,12.36,124,387,115264982978700,115264989474700,7702627.0,1.595952,16,0.01,0.3,0.0015,0.99,0.999,1.0,0.99,1.0,18,168,"[22, 8, 8, 8, 8, 2, 22, 8, 8, 8, 8, 2, 22, 8, 8, 8, 8, 2]",22n-8n-8n-8n-8n-2o,,684,718
22,2,22N-9N-9N-9N-9N-2N,25.0,Config3,53.5,50,49.5,0.6138280607614949,12.64,168,343,131754425368600,131754430164700,5064246.5,1.192892,18,0.01,0.3,0.0015,0.99,0.999,1.0,0.99,1.0,6,60,"[22, 9, 9, 9, 9, 2]",22n-9n-9n-9n-9n-2o,,747,718
22,2,22N-10N-10N-10N-2N-22N-10N-10N-10N-2N,25.0,Config2,57.49999999999999,200,49.0,0.6627021184821577,12.41,122,389,115256134667700,115256139841400,6415317.0,1.503494,20,0.01,0.3,0.0015,0.99,0.999,1.0,0.99,1.0,10,108,"[22, 10, 10, 10, 2, 22, 10, 10, 10, 2]",22n-10n-10n-10n-2o,,670,718
22,2,22N-11N-11N-11N-2N-22N-11N-11N-11N-2N,25.0,Config2,54.50000000000001,299,48.5,0.6158446292871288,12.78,164,347,131749448985500,131749453717300,4909108.5,1.292864,22,0.01,0.3,0.0015,0.99,0.999,1.0,0.99,1.0,10,114,"[22, 11, 11, 11, 2, 22, 11, 11, 11, 2]",22n-11n-11n-11n-2o,,745,718
22,2,22N-14N-14N-2N-22N-14N-14N-2N-22N-14N-14N-2N-22N-14N-14N-2N,25.0,Config1,56.49999999999999,165,49.0,0.6480471257256047,12.58,118,393,115248567530400,115248572691000,5621240.5,1.312654,28,0.01,0.3,0.0015,0.99,0.999,1.0,0.99,1.0,16,208,"[22, 14, 14, 2, 22, 14, 14, 2, 22, 14, 14, 2, 22, 14, 14, 2]",22n-14n-14n-2o,,694,718
22,2,22N-5N-5N-5N-5N-5N-5N-5N-2N-22N-5N-5N-5N-5N-5N-5N-5N-2N-22N-5N-5N-5N-5N-5N-5N-5N-2N,25.0,Config6,54.50000000000001,321,47.5,0.6589823235801185,12.01,160,351,115329481598700,115329486357600,5156915.5,1.678653,10,0.01,0.3,0.0015,0.99,0.999,1.0,0.99,1.0,27,177,"[22, 5, 5, 5, 5, 5, 5, 5, 2, 22, 5, 5, 5, 5, 5, 5, 5, 2, 22, 5, 5, 5, 5, 5, 5, 5, 2]",22n-5n-5n-5n-5n-5n-5n-5n-2o,,684,718
22,2,22N-6N-6N-6N-6N-6N-6N-2N-22N-6N-6N-6N-6N-6N-6N-2N-22N-6N-6N-6N-6N-6N-6N-2N-22N-6N-6N-6N-6N-6N-6N-2N,25.0,Config5,56.99999999999999,656,53.5,0.6220394213877806,12.75,156,355,115323079214300,115323084761900,5685399.0,1.428419,12,0.01,0.3,0.0015,0.99,0.999,1.0,0.99,1.0,32,240,"[22, 6, 6, 6, 6, 6, 6, 2, 22, 6, 6, 6, 6, 6, 6, 2, 22, 6, 6, 6, 6, 6, 6, 2, 22, 6, 6, 6, 6, 6, 6, 2]",22n-6n-6n-6n-6n-6n-6n-2o,,694,718
22,2,22N-7N-7N-7N-7N-7N-2N-22N-7N-7N-7N-7N-7N-2N-22N-7N-7N-7N-7N-7N-2N-22N-7N-7N-7N-7N-7N-2N,25.0,Config4,63.0,511,44.0,0.7021080017892009,12.3,152,359,115316425199900,115316431066300,5990183.5,1.433047,14,0.01,0.3,0.0015,0.99,0.999,1.0,0.99,1.0,28,236,"[22, 7, 7, 7, 7, 7, 2, 22, 7, 7, 7, 7, 7, 2, 22, 7, 7, 7, 7, 7, 2, 22, 7, 7, 7, 7, 7, 2]",22n-7n-7n-7n-7n-7n-2o,,706,718
22,2,22N-8N-8N-8N-8N-2N-22N-8N-8N-8N-8N-2N-22N-8N-8N-8N-8N-2N,25.0,Config3,56.00000000000001,553,54.50000000000001,0.7051490140621542,11.89,148,363,115309722207200,115309727302100,5283443.5,1.61172,16,0.01,0.3,0.0015,0.99,0.999,1.0,0.99,1.0,18,168,"[22, 8, 8, 8, 8, 2, 22, 8, 8, 8, 8, 2, 22, 8, 8, 8, 8, 2]",22n-8n-8n-8n-8n-2o,,691,718
22,2,22N-9N-9N-9N-9N-2N,25.0,Config3,55.50000000000001,101,47.5,0.6214841863676374,12.69,144,367,136139638201300,136139643464300,5928043.5,1.15305,18,0.01,0.3,0.0015,0.99,0.999,1.0,0.99,1.0,6,60,"[22, 9, 9, 9, 9, 2]",22n-9n-9n-9n-9n-2o,,779,718
22,2,22N-10N-10N-10N-2N-22N-10N-10N-10N-2N-22N-10N-10N-10N-2N,25.0,Config2,56.00000000000001,377,48.0,0.6597997804730739,12.66,144,367,115303387631800,115303392699600,5987588.5,1.180023,20,0.01,0.3,0.0015,0.99,0.999,1.0,0.99,1.0,15,162,"[22, 10, 10, 10, 2, 22, 10, 10, 10, 2, 22, 10, 10, 10, 2]",22n-10n-10n-10n-2o,,690,718
22,2,22N-11N-11N-11N-2N,25.0,Config2,50.5,1,46.0,0.731626452154837,12.56,188,323,90756281821100,90756286776300,4849416.0,1.552545,22,0.01,0.3,0.0015,0.99,0.999,1.0,0.99,1.0,5,57,"[22, 11, 11, 11, 2]",22n-11n-11n-11n-2o,,747,718
22,2,22N-14N-14N-2N-22N-14N-14N-2N-22N-14N-14N-2N-22N-14N-14N-2N,25.0,Config1,61.5,630,53.5,0.6324219501417683,11.91,140,371,115296454496700,115296459494400,6374524.5,1.251546,28,0.01,0.3,0.0015,0.99,0.999,1.0,0.99,1.0,16,208,"[22, 14, 14, 2, 22, 14, 14, 2, 22, 14, 14, 2, 22, 14, 14, 2]",22n-14n-14n-2o,,697,718
NA,NA,NA,0.0,Config6,57.49999999999999,387,46.5,0.5287470014569544,12.29,114,397,215833269656700,215833275058700,5206057.5,0.801427,16,0.01,0.3,0.0015,0.99,0.999,1.0,0.99,1.0,NA,NA,NA,NA,,6,718
NA,NA,NA,0.0,Config4,56.49999999999999,350,49.0,0.6066366761225646,12.75,104,407,215819066196700,215819071290800,5162881.5,1.124629,20,0.01,0.3,0.0015,0.99,0.999,1.0,0.99,1.0,NA,NA,NA,NA,,4,718
NA,NA,NA,0.0,Config3,60.0,11,51.5,0.59078051875505,12.36,100,411,215812297761700,215812302736700,4880430.5,1.064417,22,0.01,0.3,0.0015,0.99,0.999,1.0,0.99,1.0,NA,NA,NA,NA,,3,718
NA,NA,NA,0.0,Config5,55.50000000000001,0,47.5,0.5307126783968384,12.24,110,401,215826288181400,215826293500400,5582231.5,0.837925,18,0.01,0.3,0.0015,0.99,0.999,1.0,0.99,1.0,NA,NA,NA,NA,,5,718
NA,NA,NA,0.0,Config6,62.5,122,52.0,0.5076159505437914,12.48,130,381,215860415858300,215860420835600,4922489.5,0.986179,16,0.01,0.3,0.0015,0.99,0.999,1.0,0.99,1.0,NA,NA,NA,NA,,6,718
NA,NA,NA,0.0,Config4,59.5,214,48.5,0.5813562903750138,12.2,122,389,215846904888800,215846909852900,5281044.0,0.998178,20,0.01,0.3,0.0015,0.99,0.999,1.0,0.99,1.0,NA,NA,NA,NA,,4,718
NA,NA,NA,0.0,Config3,56.49999999999999,1,47.0,0.6541798621657027,12.48,118,393,215840018476000,215840023171600,5030575.0,1.01431,22,0.01,0.3,0.0015,0.99,0.999,1.0,0.99,1.0,NA,NA,NA,NA,,3,718
NA,NA,NA,0.0,Config5,56.99999999999999,2,51.5,0.5105775438846868,12.37,126,385,215853785922500,215853791088900,5247631.5,1.174738,18,0.01,0.3,0.0015,0.99,0.999,1.0,0.99,1.0,NA,NA,NA,NA,,5,718
NA,NA,NA,0.0,Config6,54.50000000000001,135,49.0,0.5190054491309529,12.53,148,363,215887563104700,215887567946800,4908113.0,0.901494,16,0.01,0.3,0.0015,0.99,0.999,1.0,0.99,1.0,NA,NA,NA,NA,,6,718
NA,NA,NA,0.0,Config4,54.50000000000001,190,49.0,0.6190655893904757,12.3,138,373,215874182665700,215874187993200,5349691.5,1.010549,20,0.01,0.3,0.0015,0.99,0.999,1.0,0.99,1.0,NA,NA,NA,NA,,4,718
NA,NA,NA,0.0,Config3,56.49999999999999,27,47.5,0.6854784271123475,12.21,134,377,215867289636500,215867294632400,5225335.0,1.056994,22,0.01,0.3,0.0015,0.99,0.999,1.0,0.99,1.0,NA,NA,NA,NA,,3,718
NA,NA,NA,0.0,Config5,59.5,15,46.5,0.6247424541544742,12.51,144,367,215880946285000,215880951349200,5177371.5,0.800998,18,0.01,0.3,0.0015,0.99,0.999,1.0,0.99,1.0,NA,NA,NA,NA,,5,718
NA,NA,NA,10.0,Config6,58.5,279,53.5,0.6373606463862238,12.43,246,265,216830312058300,216830317339500,5309229.5,1.263207,14,0.01,0.3,0.0015,0.99,0.999,1.0,0.99,1.0,NA,NA,NA,NA,,6,762
NA,NA,NA,10.0,Config3,61.5,286,55.50000000000001,0.570823469527539,12.6,232,279,216809949456200,216809954646300,4852760.5,1.404531,20,0.01,0.3,0.0015,0.99,0.999,1.0,0.99,1.0,NA,NA,NA,NA,,3,762
NA,NA,NA,10.0,Config5,61.5,246,55.00000000000001,0.579351819124839,12.68,240,271,216823601954400,216823608158500,5323539.5,1.264469,16,0.01,0.3,0.0015,0.99,0.999,1.0,0.99,1.0,NA,NA,NA,NA,,5,762
NA,NA,NA,10.0,Config4,63.0,201,54.0,0.6393533021564459,12.59,236,275,216816957420700,216816964239700,5740441.0,1.432958,18,0.01,0.3,0.0015,0.99,0.999,1.0,0.99,1.0,NA,NA,NA,NA,,4,762
NA,NA,NA,10.0,Config6,58.5,180,51.0,0.660152487456068,12.75,262,249,216856334863800,216856340414200,5171376.5,0.94869,14,0.01,0.3,0.0015,0.99,0.999,1.0,0.99,1.0,NA,NA,NA,NA,,6,762
NA,NA,NA,10.0,Config3,57.49999999999999,214,49.5,0.6667388863893204,12.53,248,263,216836664289500,216836669332400,4855754.5,1.540795,20,0.01,0.3,0.0015,0.99,0.999,1.0,0.99,1.0,NA,NA,NA,NA,,3,762
NA,NA,NA,10.0,Config5,57.99999999999999,5,48.5,0.633835020574462,12.01,258,253,216849809516400,216849814946700,5175373.5,1.038753,16,0.01,0.3,0.0015,0.99,0.999,1.0,0.99,1.0,NA,NA,NA,NA,,5,762
NA,NA,NA,10.0,Config4,56.00000000000001,59,50.5,0.6391630413262385,12.05,254,257,216843236940100,216843242361700,5299893.5,1.152906,18,0.01,0.3,0.0015,0.99,0.999,1.0,0.99,1.0,NA,NA,NA,NA,,4,762
NA,NA,NA,10.0,Config6,54.50000000000001,309,52.0,0.6528216114351243,12.61,278,233,216882741648400,216882747218600,5597434.5,1.18669,14,0.01,0.3,0.0015,0.99,0.999,1.0,0.99,1.0,NA,NA,NA,NA,,6,762
NA,NA,NA,10.0,Config3,59.0,371,56.99999999999999,0.614871170809627,12.31,266,245,216862695418700,216862700477300,4808814.0,1.32759,20,0.01,0.3,0.0015,0.99,0.999,1.0,0.99,1.0,NA,NA,NA,NA,,3,762
NA,NA,NA,10.0,Config5,58.5,181,53.5,0.6191491133670979,12.42,274,237,216875828532500,216875833703100,5268099.0,1.062856,16,0.01,0.3,0.0015,0.99,0.999,1.0,0.99,1.0,NA,NA,NA,NA,,5,762
NA,NA,NA,10.0,Config4,58.5,313,54.50000000000001,0.5463365340861995,12.74,270,241,216869227939800,216869233070400,5214286.5,1.133878,18,0.01,0.3,0.0015,0.99,0.999,1.0,0.99,1.0,NA,NA,NA,NA,,4,762
NA,NA,NA,100.0,Config6,57.49999999999999,387,53.0,0.6599229349494253,12.58,42,469,221477613631900,221477621600600,8423825.5,1.199029,8,0.01,0.3,0.0015,0.99,0.999,1.0,0.99,1.0,NA,NA,NA,NA,,6,1146
NA,NA,NA,100.0,Config5,56.49999999999999,300,44.0,0.7423884450070142,12.31,38,473,221468471600000,221468480183800,9451237.0,1.718286,10,0.01,0.3,0.0015,0.99,0.999,1.0,0.99,1.0,NA,NA,NA,NA,,5,1146
NA,NA,NA,100.0,Config4,58.5,212,47.5,0.7759907396108977,12.62,32,479,221458652357200,221458662357700,8999061.5,2.047658,12,0.01,0.3,0.0015,0.99,0.999,1.0,0.99,1.0,NA,NA,NA,NA,,4,1146
NA,NA,NA,100.0,Config3,59.5,170,50.5,0.6070219390859917,12.01,28,483,221449222993600,221449230055700,8036878.5,1.347896,14,0.01,0.3,0.0015,0.99,0.999,1.0,0.99,1.0,NA,NA,NA,NA,,3,1146
NA,NA,NA,100.0,Config6,56.00000000000001,222,45.5,0.7303960186874177,12.57,60,451,221515477063500,221515485331600,8728909.5,1.650909,8,0.01,0.3,0.0015,0.99,0.999,1.0,0.99,1.0,NA,NA,NA,NA,,6,1146
NA,NA,NA,100.0,Config5,56.99999999999999,84,48.5,0.7466878894142188,12.08,56,455,221506105699800,221506115465800,9486094.0,1.572599,10,0.01,0.3,0.0015,0.99,0.999,1.0,0.99,1.0,NA,NA,NA,NA,,5,1146
NA,NA,NA,100.0,Config4,56.00000000000001,200,50.0,0.7640517578242114,12.23,50,461,221496335992000,221496345375000,8967064.5,1.804255,12,0.01,0.3,0.0015,0.99,0.999,1.0,0.99,1.0,NA,NA,NA,NA,,4,1146
NA,NA,NA,100.0,Config3,58.5,21,49.5,0.6618643995246724,12.67,46,465,221486915147400,221486922885600,8294743.5,1.508957,14,0.01,0.3,0.0015,0.99,0.999,1.0,0.99,1.0,NA,NA,NA,NA,,3,1146
NA,NA,NA,100.0,Config6,59.0,131,46.5,0.7779726135965838,12.75,78,433,221553194710100,221553203877200,9417495.0,1.734036,8,0.01,0.3,0.0015,0.99,0.999,1.0,0.99,1.0,NA,NA,NA,NA,,6,1146
NA,NA,NA,100.0,Config5,58.5,212,51.5,0.6819793430049039,12.46,72,439,221543249208800,221543257912700,8908654.5,1.556716,10,0.01,0.3,0.0015,0.99,0.999,1.0,0.99,1.0,NA,NA,NA,NA,,5,1146
NA,NA,NA,100.0,Config4,57.49999999999999,62,45.5,0.767377858965219,11.89,68,443,221533888550600,221533898958100,8859498.0,1.789229,12,0.01,0.3,0.0015,0.99,0.999,1.0,0.99,1.0,NA,NA,NA,NA,,4,1146
NA,NA,NA,100.0,Config3,58.5,296,50.5,0.5666621739736548,12.76,64,447,221524676175200,221524684174000,8298076.0,1.068385,14,0.01,0.3,0.0015,0.99,0.999,1.0,0.99,1.0,NA,NA,NA,NA,,3,1146
NA,NA,NA,25.0,Config6,54.50000000000001,1,45.0,0.6110609305975703,12.0,246,265,217817813078800,217817818430200,5493445.0,0.950552,12,0.01,0.3,0.0015,0.99,0.999,1.0,0.99,1.0,NA,NA,NA,NA,,6,830
NA,NA,NA,25.0,Config3,57.49999999999999,279,48.5,0.7315133248860123,12.46,234,277,217797261473000,217797267477900,5957923.5,1.582813,20,0.01,0.3,0.0015,0.99,0.999,1.0,0.99,1.0,NA,NA,NA,NA,,3,830
NA,NA,NA,25.0,Config5,56.00000000000001,29,54.50000000000001,0.59164957687699,12.64,242,269,217811170147700,217811175527800,6007521.0,1.126556,14,0.01,0.3,0.0015,0.99,0.999,1.0,0.99,1.0,NA,NA,NA,NA,,5,830
NA,NA,NA,25.0,Config4,54.50000000000001,292,45.5,0.6268341180728135,12.49,238,273,217804116760700,217804122887600,5696838.0,1.355832,16,0.01,0.3,0.0015,0.99,0.999,1.0,0.99,1.0,NA,NA,NA,NA,,4,830
NA,NA,NA,25.0,Config6,57.99999999999999,200,46.5,0.6935443474550937,12.66,262,249,217844994168000,217844999693700,5650537.5,1.342851,12,0.01,0.3,0.0015,0.99,0.999,1.0,0.99,1.0,NA,NA,NA,NA,,6,830
NA,NA,NA,25.0,Config3,58.5,70,43.0,0.7512257314969539,12.69,250,261,217824612972300,217824618704200,5808144.0,1.350206,20,0.01,0.3,0.0015,0.99,0.999,1.0,0.99,1.0,NA,NA,NA,NA,,3,830
NA,NA,NA,25.0,Config5,63.0,15,53.5,0.570215347136571,12.46,258,253,217838165196700,217838171117200,5937477.5,1.271408,14,0.01,0.3,0.0015,0.99,0.999,1.0,0.99,1.0,NA,NA,NA,NA,,5,830
NA,NA,NA,25.0,Config4,58.5,378,55.50000000000001,0.6731650421185925,12.68,254,257,217831287875700,217831293184400,5506369.0,1.744888,16,0.01,0.3,0.0015,0.99,0.999,1.0,0.99,1.0,NA,NA,NA,NA,,4,830
NA,NA,NA,25.0,Config6,57.99999999999999,255,50.0,0.6448172360289236,12.44,280,231,217873180326100,217873185829400,6108296.0,1.255388,12,0.01,0.3,0.0015,0.99,0.999,1.0,0.99,1.0,NA,NA,NA,NA,,6,830
NA,NA,NA,25.0,Config3,59.0,326,53.0,0.6181289762713013,12.27,266,245,217852313114300,217852319302900,6535187.0,1.747098,20,0.01,0.3,0.0015,0.99,0.999,1.0,0.99,1.0,NA,NA,NA,NA,,3,830
NA,NA,NA,25.0,Config5,56.99999999999999,202,47.0,0.6835160868100211,12.44,274,237,217865962348000,217865967864800,5663108.0,1.350877,14,0.01,0.3,0.0015,0.99,0.999,1.0,0.99,1.0,NA,NA,NA,NA,,5,830
NA,NA,NA,25.0,Config4,57.49999999999999,272,53.5,0.6120657350930057,12.46,270,241,217859083787100,217859089847100,5692760.0,1.362059,16,0.01,0.3,0.0015,0.99,0.999,1.0,0.99,1.0,NA,NA,NA,NA,,4,830
NA,NA,NA,50.0,Config6,56.49999999999999,223,45.5,0.7865140782191482,12.8,254,257,218890428136100,218890435086900,7359353.0,1.569671,10,0.01,0.3,0.0015,0.99,0.999,1.0,0.99,1.0,NA,NA,NA,NA,,6,924
NA,NA,NA,50.0,Config5,55.00000000000001,24,51.5,0.6796052019933314,12.55,248,263,218882253776800,218882261421600,8067764.5,1.273352,12,0.01,0.3,0.0015,0.99,0.999,1.0,0.99,1.0,NA,NA,NA,NA,,5,924
NA,NA,NA,50.0,Config4,58.5,389,53.5,0.6992060665178834,12.31,244,267,218873706715300,218873713712100,9579698.5,1.993331,14,0.01,0.3,0.0015,0.99,0.999,1.0,0.99,1.0,NA,NA,NA,NA,,4,924
NA,NA,NA,50.0,Config3,55.50000000000001,87,45.5,0.6974393020055412,12.34,240,271,218863758374700,218863765704300,8911026.0,1.416855,16,0.01,0.3,0.0015,0.99,0.999,1.0,0.99,1.0,NA,NA,NA,NA,,3,924
NA,NA,NA,50.0,Config6,64.0,48,50.5,0.6569076278890067,12.68,270,241,218925491209500,218925498388300,6910223.5,1.855931,10,0.01,0.3,0.0015,0.99,0.999,1.0,0.99,1.0,NA,NA,NA,NA,,6,924
NA,NA,NA,50.0,Config5,60.0,226,44.0,0.7441274423511507,12.47,266,245,218917817053600,218917824816000,8780472.5,1.45174,12,0.01,0.3,0.0015,0.99,0.999,1.0,0.99,1.0,NA,NA,NA,NA,,5,924
NA,NA,NA,50.0,Config4,59.0,193,59.0,0.6288982211709366,12.67,262,249,218908843610100,218908851674400,7844465.0,1.582638,14,0.01,0.3,0.0015,0.99,0.999,1.0,0.99,1.0,NA,NA,NA,NA,,4,924
NA,NA,NA,50.0,Config3,57.99999999999999,95,48.0,0.6112890670049154,12.19,258,253,218900004353100,218900012605700,8092208.0,1.097612,16,0.01,0.3,0.0015,0.99,0.999,1.0,0.99,1.0,NA,NA,NA,NA,,3,924
NA,NA,NA,50.0,Config6,56.00000000000001,220,46.5,0.7695534936802663,12.5,286,225,218955528065200,218955534474600,6870009.5,1.309035,10,0.01,0.3,0.0015,0.99,0.999,1.0,0.99,1.0,NA,NA,NA,NA,,6,924
NA,NA,NA,50.0,Config5,57.49999999999999,233,48.0,0.7236345389495006,12.49,282,229,218947935096600,218947941573500,7254488.0,1.967196,12,0.01,0.3,0.0015,0.99,0.999,1.0,0.99,1.0,NA,NA,NA,NA,,5,924
NA,NA,NA,50.0,Config4,56.00000000000001,220,49.5,0.7799013858850341,12.48,278,233,218940283922200,218940290438200,6889750.5,1.948999,14,0.01,0.3,0.0015,0.99,0.999,1.0,0.99,1.0,NA,NA,NA,NA,,4,924
NA,NA,NA,50.0,Config3,56.49999999999999,96,46.5,0.6924492714776962,12.58,274,237,218932746602000,218932752462100,6234536.5,1.131464,16,0.01,0.3,0.0015,0.99,0.999,1.0,0.99,1.0,NA,NA,NA,NA,,3,924
NA,NA,NA,75.0,Config6,56.99999999999999,40,48.0,0.6266110071040257,12.34,4,507,220117122680600,220117130821600,7433890.0,1.471736,8,0.01,0.3,0.0015,0.99,0.999,1.0,0.99,1.0,NA,NA,NA,NA,,6,1020
NA,NA,NA,75.0,Config5,58.5,248,56.99999999999999,0.6515011343408547,11.7,298,213,220108062533300,220108070065700,7883702.0,1.961084,10,0.01,0.3,0.0015,0.99,0.999,1.0,0.99,1.0,NA,NA,NA,NA,,5,1020
NA,NA,NA,75.0,Config4,59.5,253,57.49999999999999,0.6146010300491871,12.34,294,217,220098958691100,220098966797200,7742671.0,1.789792,12,0.01,0.3,0.0015,0.99,0.999,1.0,0.99,1.0,NA,NA,NA,NA,,4,1020
NA,NA,NA,75.0,Config3,56.49999999999999,32,50.5,0.6183879192338098,12.56,290,221,220090009004900,220090017430800,8376314.5,1.667391,16,0.01,0.3,0.0015,0.99,0.999,1.0,0.99,1.0,NA,NA,NA,NA,,3,1020
NA,NA,NA,75.0,Config6,56.00000000000001,56,52.5,0.6351996858468056,12.74,22,489,220158734592000,220158743868200,8456678.5,1.51845,8,0.01,0.3,0.0015,0.99,0.999,1.0,0.99,1.0,NA,NA,NA,NA,,6,1020
NA,NA,NA,75.0,Config5,54.0,218,45.0,0.7057619762468818,12.49,16,495,220148605711300,220148612814100,8482308.0,1.046435,10,0.01,0.3,0.0015,0.99,0.999,1.0,0.99,1.0,NA,NA,NA,NA,,5,1020
NA,NA,NA,75.0,Config4,57.49999999999999,324,53.5,0.6308634190043102,12.17,12,499,220138813187700,220138823334300,9387216.0,1.826352,12,0.01,0.3,0.0015,0.99,0.999,1.0,0.99,1.0,NA,NA,NA,NA,,4,1020
NA,NA,NA,75.0,Config3,51.5,4,48.0,0.7198776359218632,12.63,6,505,183801896067500,183801901876200,5874400.0,1.456778,14,0.01,0.3,0.0015,0.99,0.999,1.0,0.99,1.0,NA,NA,NA,NA,,3,1020
NA,NA,NA,75.0,Config3,52.5,58,51.0,0.7328752270745634,11.0,8,503,220128106451200,220128116456900,9406143.0,1.466369,16,0.01,0.3,0.0015,0.99,0.999,1.0,0.99,1.0,NA,NA,NA,NA,,3,1028
NA,NA,NA,75.0,Config6,56.99999999999999,392,50.0,0.6224143933829382,12.58,40,471,220195380109200,220195387032500,7161323.5,1.766115,8,0.01,0.3,0.0015,0.99,0.999,1.0,0.99,1.0,NA,NA,NA,NA,,6,1020
NA,NA,NA,75.0,Config5,60.0,220,49.0,0.7522576399887132,12.59,34,477,220186592301900,220186599736800,8559902.0,2.136681,10,0.01,0.3,0.0015,0.99,0.999,1.0,0.99,1.0,NA,NA,NA,NA,,5,1020
NA,NA,NA,75.0,Config4,61.0,248,53.5,0.6892724173261797,12.47,30,481,220176839822800,220176847428800,7487376.5,2.000098,12,0.01,0.3,0.0015,0.99,0.999,1.0,0.99,1.0,NA,NA,NA,NA,,4,1020
NA,NA,NA,75.0,Config3,59.5,159,52.5,0.6259212903230814,12.1,26,485,220168131618000,220168140222200,8608830.5,1.508858,16,0.01,0.3,0.0015,0.99,0.999,1.0,0.99,1.0,NA,NA,NA,NA,,3,1020
NA,NA,NA,0.0,Config6,54.50000000000001,59,51.5,0.5252903437711739,12.43,23,488,214878382735400,214878390114000,6826801.0,1.061521,16,0.01,0.3,0.0015,0.99,0.999,1.0,0.99,1.0,NA,NA,NA,NA,,6,718
NA,NA,NA,0.0,Config4,53.5,2,44.5,0.6490919694081216,12.4,14,497,214860158910600,214860166989200,8235004.0,1.178969,20,0.01,0.3,0.0015,0.99,0.999,1.0,0.99,1.0,NA,NA,NA,NA,,4,718
NA,NA,NA,0.0,Config3,54.0,3,46.0,0.7286716387655214,11.74,10,501,214850008453500,214850016243200,7132292.5,1.071835,22,0.01,0.3,0.0015,0.99,0.999,1.0,0.99,1.0,NA,NA,NA,NA,,3,718
NA,NA,NA,0.0,Config5,56.99999999999999,163,50.5,0.559521205537703,12.47,19,492,214869595189000,214869601409700,7466347.0,0.729171,18,0.01,0.3,0.0015,0.99,0.999,1.0,0.99,1.0,NA,NA,NA,NA,,5,718
NA,NA,NA,0.0,Config6,53.5,0,43.0,0.5656983661852931,12.79,19,492,214911370271400,214911374985300,5186032.0,0.980647,16,0.01,0.3,0.0015,0.99,0.999,1.0,0.99,1.0,NA,NA,NA,NA,,6,718
NA,NA,NA,0.0,Config4,53.5,42,48.0,0.5969948242961184,12.38,10,501,214896021012100,214896027241000,6971752.5,0.928056,20,0.01,0.3,0.0015,0.99,0.999,1.0,0.99,1.0,NA,NA,NA,NA,,4,718
NA,NA,NA,0.0,Config3,56.00000000000001,143,42.5,0.7354344159153205,12.6,6,505,214887151910200,214887160282100,6733155.0,1.237203,22,0.01,0.3,0.0015,0.99,0.999,1.0,0.99,1.0,NA,NA,NA,NA,,3,718
NA,NA,NA,0.0,Config5,50.0,9,42.5,0.562035897323703,11.95,15,496,214904234199600,214904239747200,6472241.0,1.189136,18,0.01,0.3,0.0015,0.99,0.999,1.0,0.99,1.0,NA,NA,NA,NA,,5,718
NA,NA,NA,0.0,Config6,58.5,35,45.5,0.6111795265183735,12.53,13,498,214939404564400,214939409561300,5040517.5,0.56877,16,0.01,0.3,0.0015,0.99,0.999,1.0,0.99,1.0,NA,NA,NA,NA,,6,718
NA,NA,NA,0.0,Config4,55.00000000000001,183,43.0,0.6836347049609292,12.54,4,507,214925459036900,214925464620900,5452444.5,0.860577,20,0.01,0.3,0.0015,0.99,0.999,1.0,0.99,1.0,NA,NA,NA,NA,,4,718
NA,NA,NA,0.0,Config3,54.0,5,44.5,0.8154722634886816,12.45,23,488,214918282618700,214918287379300,5066683.5,1.225321,22,0.01,0.3,0.0015,0.99,0.999,1.0,0.99,1.0,NA,NA,NA,NA,,3,718
NA,NA,NA,0.0,Config5,59.5,53,49.0,0.5573873798890614,12.67,8,503,214932520016600,214932525542600,5399378.0,1.068672,18,0.01,0.3,0.0015,0.99,0.999,1.0,0.99,1.0,NA,NA,NA,NA,,5,718
NA,NA,NA,10.0,Config6,56.00000000000001,156,51.0,0.6096669869408532,12.58,164,347,215915441206500,215915446889800,5306183.0,1.522823,14,0.01,0.3,0.0015,0.99,0.999,1.0,0.99,1.0,NA,NA,NA,NA,,6,768
NA,NA,NA,10.0,Config3,57.99999999999999,125,50.0,0.706562551837593,12.35,152,359,215894706001100,215894711271500,5489475.0,1.371888,20,0.01,0.3,0.0015,0.99,0.999,1.0,0.99,1.0,NA,NA,NA,NA,,3,768
NA,NA,NA,10.0,Config5,60.5,194,55.50000000000001,0.6114959484453696,12.51,160,351,215908561731400,215908567228900,5610658.0,1.375436,16,0.01,0.3,0.0015,0.99,0.999,1.0,0.99,1.0,NA,NA,NA,NA,,5,768
NA,NA,NA,10.0,Config4,56.49999999999999,197,48.0,0.6588469636188365,12.34,156,355,215901589899500,215901595305900,5409802.0,1.307647,18,0.01,0.3,0.0015,0.99,0.999,1.0,0.99,1.0,NA,NA,NA,NA,,4,768
NA,NA,NA,10.0,Config6,56.00000000000001,175,45.5,0.685386552838968,12.69,182,329,215942735020100,215942740282400,5275878.0,1.394432,14,0.01,0.3,0.0015,0.99,0.999,1.0,0.99,1.0,NA,NA,NA,NA,,6,768
NA,NA,NA,10.0,Config3,57.99999999999999,195,53.0,0.6098196458764226,12.27,168,343,215922093418000,215922098944200,4963684.5,1.456671,20,0.01,0.3,0.0015,0.99,0.999,1.0,0.99,1.0,NA,NA,NA,NA,,3,768
NA,NA,NA,10.0,Config5,55.50000000000001,12,42.5,0.7175828348392979,12.67,176,335,215935893496300,215935898963700,5509864.5,1.549511,16,0.01,0.3,0.0015,0.99,0.999,1.0,0.99,1.0,NA,NA,NA,NA,,5,768
NA,NA,NA,10.0,Config4,57.49999999999999,1,49.0,0.6741962108938311,12.41,172,339,215928997768200,215929003232600,5460835.0,1.255139,18,0.01,0.3,0.0015,0.99,0.999,1.0,0.99,1.0,NA,NA,NA,NA,,4,768
NA,NA,NA,10.0,Config6,57.99999999999999,128,45.5,0.7093854002647783,12.37,198,313,215970609291700,215970614811700,5188420.0,1.145585,14,0.01,0.3,0.0015,0.99,0.999,1.0,0.99,1.0,NA,NA,NA,NA,,6,768
NA,NA,NA,10.0,Config3,53.5,48,43.0,0.7726833322339267,12.79,186,325,215949504206500,215949509616200,5190308.0,1.658873,20,0.01,0.3,0.0015,0.99,0.999,1.0,0.99,1.0,NA,NA,NA,NA,,3,768
NA,NA,NA,10.0,Config5,62.5,8,51.0,0.5991573014577471,12.61,194,317,215963791292700,215963796959800,5826280.5,1.044766,16,0.01,0.3,0.0015,0.99,0.999,1.0,0.99,1.0,NA,NA,NA,NA,,5,768
NA,NA,NA,10.0,Config4,59.5,59,48.5,0.7101085687250763,12.34,188,323,215956551687200,215956558145100,5697773.0,1.307793,18,0.01,0.3,0.0015,0.99,0.999,1.0,0.99,1.0,NA,NA,NA,NA,,4,768
NA,NA,NA,100.0,Config6,59.0,79,50.5,0.7903548454394083,12.41,58,453,220232233230000,220232241507900,8233336.5,1.962656,8,0.01,0.3,0.0015,0.99,0.999,1.0,0.99,1.0,NA,NA,NA,NA,,6,1146
NA,NA,NA,100.0,Config5,56.00000000000001,88,50.0,0.6963990911464586,12.49,52,459,220223219708300,220223228015000,9045416.0,1.580934,10,0.01,0.3,0.0015,0.99,0.999,1.0,0.99,1.0,NA,NA,NA,NA,,5,1146
NA,NA,NA,100.0,Config4,56.00000000000001,20,49.5,0.7509148014068039,12.58,48,463,220213747161400,220213755547200,8728420.5,1.854055,12,0.01,0.3,0.0015,0.99,0.999,1.0,0.99,1.0,NA,NA,NA,NA,,4,1146
NA,NA,NA,100.0,Config3,54.50000000000001,57,46.0,0.6518200164867372,12.03,44,467,220204552773000,220204563346300,8081564.0,1.117596,14,0.01,0.3,0.0015,0.99,0.999,1.0,0.99,1.0,NA,NA,NA,NA,,3,1146
NA,NA,NA,100.0,Config6,52.5,26,44.0,0.6972977448904563,12.11,74,437,220272687899800,220272696303700,9122858.5,1.676519,8,0.01,0.3,0.0015,0.99,0.999,1.0,0.99,1.0,NA,NA,NA,NA,,6,1146
NA,NA,NA,100.0,Config5,56.49999999999999,106,53.0,0.7627479927627735,11.93,70,441,220262968058100,220262976759800,9983934.0,2.274057,10,0.01,0.3,0.0015,0.99,0.999,1.0,0.99,1.0,NA,NA,NA,NA,,5,1146
NA,NA,NA,100.0,Config4,55.00000000000001,2,48.5,0.7540734769845551,11.18,66,445,220252657085300,220252666243500,10452903.5,1.963677,12,0.01,0.3,0.0015,0.99,0.999,1.0,0.99,1.0,NA,NA,NA,NA,,4,1146
NA,NA,NA,100.0,Config3,59.5,143,52.5,0.6686357835215453,11.15,62,449,220241827878200,220241838464900,8459103.0,1.046856,14,0.01,0.3,0.0015,0.99,0.999,1.0,0.99,1.0,NA,NA,NA,NA,,3,1146
NA,NA,NA,100.0,Config6,60.0,10,52.0,0.671803586208606,12.16,92,419,220314354643400,220314370191300,10435165.0,2.030691,8,0.01,0.3,0.0015,0.99,0.999,1.0,0.99,1.0,NA,NA,NA,NA,,6,1146
NA,NA,NA,100.0,Config5,56.00000000000001,16,51.5,0.7994422224551804,12.46,88,423,220303394003500,220303403777300,10677169.5,1.613006,10,0.01,0.3,0.0015,0.99,0.999,1.0,0.99,1.0,NA,NA,NA,NA,,5,1146
NA,NA,NA,100.0,Config4,51.0,17,46.5,0.7768061432499849,11.73,84,427,220292483418100,220292494654700,9799659.0,1.540546,12,0.01,0.3,0.0015,0.99,0.999,1.0,0.99,1.0,NA,NA,NA,NA,,4,1146
NA,NA,NA,100.0,Config3,57.99999999999999,48,50.0,0.7197188543991493,11.75,80,431,220282204250200,220282212436000,8406958.0,1.580004,14,0.01,0.3,0.0015,0.99,0.999,1.0,0.99,1.0,NA,NA,NA,NA,,3,1146
NA,NA,NA,25.0,Config6,55.00000000000001,0,52.0,0.6846574569606841,12.14,296,215,216910338889200,216910344128400,5545249.0,1.517463,12,0.01,0.3,0.0015,0.99,0.999,1.0,0.99,1.0,NA,NA,NA,NA,,6,837
NA,NA,NA,25.0,Config3,56.99999999999999,195,48.5,0.7555116575265574,12.49,282,229,216890000429400,216890006343300,6466627.0,1.47982,20,0.01,0.3,0.0015,0.99,0.999,1.0,0.99,1.0,NA,NA,NA,NA,,3,837
NA,NA,NA,25.0,Config5,56.00000000000001,4,42.5,0.7519057430517151,12.46,290,221,216903607218600,216903614077700,6087811.0,1.641257,14,0.01,0.3,0.0015,0.99,0.999,1.0,0.99,1.0,NA,NA,NA,NA,,5,837
NA,NA,NA,25.0,Config4,54.50000000000001,58,46.0,0.6730117845024927,12.57,286,225,216896656687100,216896662084800,5533757.0,1.345971,16,0.01,0.3,0.0015,0.99,0.999,1.0,0.99,1.0,NA,NA,NA,NA,,4,837
NA,NA,NA,25.0,Config6,54.50000000000001,102,51.0,0.6423256774321345,12.59,12,499,216937898313500,216937904110900,5635589.0,1.105874,12,0.01,0.3,0.0015,0.99,0.999,1.0,0.99,1.0,NA,NA,NA,NA,,6,837
NA,NA,NA,25.0,Config3,54.0,86,47.5,0.7979896919121643,12.22,300,211,216917356308200,216917362645600,6297223.5,1.632384,20,0.01,0.3,0.0015,0.99,0.999,1.0,0.99,1.0,NA,NA,NA,NA,,3,837
NA,NA,NA,25.0,Config5,57.49999999999999,196,53.0,0.6755670818870214,12.68,8,503,216931072359500,216931078424900,5984952.0,1.225615,14,0.01,0.3,0.0015,0.99,0.999,1.0,0.99,1.0,NA,NA,NA,NA,,5,837
NA,NA,NA,25.0,Config4,56.99999999999999,1,48.0,0.7091465477676201,12.46,4,507,216924176742400,216924182414200,5716654.5,1.255282,16,0.01,0.3,0.0015,0.99,0.999,1.0,0.99,1.0,NA,NA,NA,NA,,4,837
NA,NA,NA,25.0,Config6,54.50000000000001,115,48.5,0.593107072419262,12.42,28,483,216965797316100,216965802676800,5744060.0,1.063179,12,0.01,0.3,0.0015,0.99,0.999,1.0,0.99,1.0,NA,NA,NA,NA,,6,837
NA,NA,NA,25.0,Config3,53.5,28,50.0,0.661886524532753,12.45,16,495,216944839958600,216944846635500,6083127.0,1.54938,20,0.01,0.3,0.0015,0.99,0.999,1.0,0.99,1.0,NA,NA,NA,NA,,3,837
NA,NA,NA,25.0,Config5,61.0,183,55.00000000000001,0.5829178735814262,12.4,24,487,216958858269700,216958863930600,5710746.5,1.271541,14,0.01,0.3,0.0015,0.99,0.999,1.0,0.99,1.0,NA,NA,NA,NA,,5,837
NA,NA,NA,25.0,Config4,56.49999999999999,188,54.50000000000001,0.5887571516097357,12.38,20,491,216952077199000,216952082769200,6225863.5,1.476012,16,0.01,0.3,0.0015,0.99,0.999,1.0,0.99,1.0,NA,NA,NA,NA,,4,837
NA,NA,NA,50.0,Config6,53.5,150,49.5,0.7325565265115356,12.48,296,215,217901275423800,217901281791100,6214491.0,1.642261,10,0.01,0.3,0.0015,0.99,0.999,1.0,0.99,1.0,NA,NA,NA,NA,,6,929
NA,NA,NA,50.0,Config5,54.50000000000001,1,47.5,0.765852484842223,12.33,292,219,217894233624000,217894240372000,6699211.0,1.417689,12,0.01,0.3,0.0015,0.99,0.999,1.0,0.99,1.0,NA,NA,NA,NA,,5,929
NA,NA,NA,50.0,Config4,51.0,123,48.0,0.706260654253875,12.46,288,223,217886997592400,217887003644600,6526373.5,1.209198,14,0.01,0.3,0.0015,0.99,0.999,1.0,0.99,1.0,NA,NA,NA,NA,,4,929
NA,NA,NA,50.0,Config3,53.5,9,46.5,0.6749920983492866,12.27,284,227,217879891406600,217879896843100,5576207.0,1.338806,16,0.01,0.3,0.0015,0.99,0.999,1.0,0.99,1.0,NA,NA,NA,NA,,3,929
NA,NA,NA,50.0,Config6,51.5,41,44.0,0.6860129439085157,12.69,14,497,217929397221700,217929403094200,6226687.5,1.364411,10,0.01,0.3,0.0015,0.99,0.999,1.0,0.99,1.0,NA,NA,NA,NA,,6,929
NA,NA,NA,50.0,Config5,55.50000000000001,85,49.0,0.73738202176603,12.63,8,503,217922396962300,217922404083900,6578017.0,1.423832,12,0.01,0.3,0.0015,0.99,0.999,1.0,0.99,1.0,NA,NA,NA,NA,,5,929
NA,NA,NA,50.0,Config4,50.0,74,48.0,0.7267463842639988,11.81,4,507,217915250132800,217915256311500,6309418.0,1.454199,14,0.01,0.3,0.0015,0.99,0.999,1.0,0.99,1.0,NA,NA,NA,NA,,4,929
NA,NA,NA,50.0,Config3,55.50000000000001,52,51.5,0.6634503038846579,12.45,300,211,217908186224600,217908191996400,6045670.0,1.435098,16,0.01,0.3,0.0015,0.99,0.999,1.0,0.99,1.0,NA,NA,NA,NA,,3,929
NA,NA,NA,50.0,Config6,61.0,2,52.5,0.6375082128979461,12.63,30,481,217958166091700,217958172609400,6296683.0,1.163187,10,0.01,0.3,0.0015,0.99,0.999,1.0,0.99,1.0,NA,NA,NA,NA,,6,929
NA,NA,NA,50.0,Config5,58.5,9,47.5,0.7126815186397668,12.26,26,485,217951160730200,217951167221200,6806633.0,1.552219,12,0.01,0.3,0.0015,0.99,0.999,1.0,0.99,1.0,NA,NA,NA,NA,,5,929
NA,NA,NA,50.0,Config4,53.5,138,49.0,0.7456277261251885,12.53,22,489,217943857208700,217943863534200,6895473.0,1.483072,14,0.01,0.3,0.0015,0.99,0.999,1.0,0.99,1.0,NA,NA,NA,NA,,4,929
NA,NA,NA,50.0,Config3,53.0,73,47.5,0.7752327612746196,12.06,18,493,217936510439700,217936516665000,6138193.5,1.572254,16,0.01,0.3,0.0015,0.99,0.999,1.0,0.99,1.0,NA,NA,NA,NA,,3,929
NA,NA,NA,75.0,Config6,53.5,80,48.5,0.6596278627179888,12.3,4,507,218991108853300,218991115133700,6966729.5,1.120346,8,0.01,0.3,0.0015,0.99,0.999,1.0,0.99,1.0,NA,NA,NA,NA,,6,1028
NA,NA,NA,75.0,Config5,54.50000000000001,16,49.0,0.7417454975643849,12.39,300,211,218983184032300,218983191688200,8654735.5,1.745612,10,0.01,0.3,0.0015,0.99,0.999,1.0,0.99,1.0,NA,NA,NA,NA,,5,1028
NA,NA,NA,75.0,Config4,53.0,109,50.0,0.7266202239991009,11.76,296,215,218974070577800,218974078941300,9015812.5,1.82462,12,0.01,0.3,0.0015,0.99,0.999,1.0,0.99,1.0,NA,NA,NA,NA,,4,1028
NA,NA,NA,75.0,Config3,55.00000000000001,66,47.5,0.701245434872876,12.37,292,219,218964646863900,218964656608300,8144721.0,1.363774,14,0.01,0.3,0.0015,0.99,0.999,1.0,0.99,1.0,NA,NA,NA,NA,,3,1028
NA,NA,NA,75.0,Config6,55.50000000000001,35,46.5,0.6267191944421507,12.43,28,483,219025019872500,219025027286500,7782091.5,1.330889,8,0.01,0.3,0.0015,0.99,0.999,1.0,0.99,1.0,NA,NA,NA,NA,,6,1028
NA,NA,NA,75.0,Config5,53.5,5,49.0,0.7133065692991093,12.0,18,493,219016362746100,219016372894700,7527133.5,1.622208,10,0.01,0.3,0.0015,0.99,0.999,1.0,0.99,1.0,NA,NA,NA,NA,,5,1028
NA,NA,NA,75.0,Config4,56.99999999999999,0,49.5,0.6972182297120739,11.86,14,497,219008363671000,219008371613400,8367291.5,1.793102,12,0.01,0.3,0.0015,0.99,0.999,1.0,0.99,1.0,NA,NA,NA,NA,,4,1028
NA,NA,NA,75.0,Config3,51.5,9,49.0,0.7006116914953437,12.48,10,501,218999640076500,218999648506100,8425085.5,1.634943,16,0.01,0.3,0.0015,0.99,0.999,1.0,0.99,1.0,NA,NA,NA,NA,,3,1028
NA,NA,NA,75.0,Config6,52.0,6,46.5,0.7341024996867145,11.22,44,467,219059480772100,219059488063400,7451276.5,1.419607,8,0.01,0.3,0.0015,0.99,0.999,1.0,0.99,1.0,NA,NA,NA,NA,,6,1028
NA,NA,NA,75.0,Config5,61.0,43,53.0,0.7439182582254744,12.63,40,471,219051078860800,219051086885700,8108431.0,1.466809,10,0.01,0.3,0.0015,0.99,0.999,1.0,0.99,1.0,NA,NA,NA,NA,,5,1028
NA,NA,NA,75.0,Config4,59.5,51,49.0,0.6404337573979132,12.48,36,475,219042513596200,219042522214600,8144274.0,1.415814,12,0.01,0.3,0.0015,0.99,0.999,1.0,0.99,1.0,NA,NA,NA,NA,,4,1028
NA,NA,NA,75.0,Config3,57.99999999999999,0,52.0,0.6972366546699849,11.05,32,479,219033612114300,219033619362500,7753169.0,1.481878,14,0.01,0.3,0.0015,0.99,0.999,1.0,0.99,1.0,NA,NA,NA,NA,,3,1028
22,2,22N-5N-5N-5N-5N-5N-5N-5N-2N,25.0,Config6,56.99999999999999,56,51.5,0.6335291745700876,12.22,53,458,114033858601700,114033864176400,5727132.0,1.038958,10,0.01,0.3,0.0015,0.99,0.999,1.0,0.99,1.0,9,59,"[22, 5, 5, 5, 5, 5, 5, 5, 2]",22n-5n-5n-5n-5n-5n-5n-5n-2o,,660,718
22,2,22N-6N-6N-6N-6N-6N-6N-6N-2N,25.0,Config6,55.50000000000001,155,50.5,0.7419058953874871,12.11,53,458,134949971167400,134949979225800,8493770.0,1.635777,12,0.01,0.3,0.0015,0.99,0.999,1.0,0.99,1.0,9,66,"[22, 6, 6, 6, 6, 6, 6, 6, 2]",22n-6n-6n-6n-6n-6n-6n-6n-2o,,779,718
22,2,22N-6N-6N-6N-6N-6N-6N-2N-22N-6N-6N-6N-6N-6N-6N-2N-22N-6N-6N-6N-6N-6N-6N-2N-22N-6N-6N-6N-6N-6N-6N-2N,25.0,Config5,57.49999999999999,401,44.5,0.6565064750330449,11.35,49,462,114026970634000,114026975963000,6220504.0,1.251563,12,0.01,0.3,0.0015,0.99,0.999,1.0,0.99,1.0,32,240,"[22, 6, 6, 6, 6, 6, 6, 2, 22, 6, 6, 6, 6, 6, 6, 2, 22, 6, 6, 6, 6, 6, 6, 2, 22, 6, 6, 6, 6, 6, 6, 2]",22n-6n-6n-6n-6n-6n-6n-2o,,683,718
22,2,22N-7N-7N-7N-7N-7N-2N-22N-7N-7N-7N-7N-7N-2N-22N-7N-7N-7N-7N-7N-2N-22N-7N-7N-7N-7N-7N-2N,25.0,Config4,55.50000000000001,215,45.5,0.687086186603508,12.4,45,466,114019599607500,114019605432700,6764513.0,1.434034,14,0.01,0.3,0.0015,0.99,0.999,1.0,0.99,1.0,28,236,"[22, 7, 7, 7, 7, 7, 2, 22, 7, 7, 7, 7, 7, 2, 22, 7, 7, 7, 7, 7, 2, 22, 7, 7, 7, 7, 7, 2]",22n-7n-7n-7n-7n-7n-2o,,705,718
22,2,22N-8N-8N-8N-8N-2N-22N-8N-8N-8N-8N-2N-22N-8N-8N-8N-8N-2N-22N-8N-8N-8N-8N-2N,25.0,Config3,56.99999999999999,200,45.5,0.5878986280247983,12.34,41,470,114011944357300,114011951296600,6145031.0,1.121983,16,0.01,0.3,0.0015,0.99,0.999,1.0,0.99,1.0,24,224,"[22, 8, 8, 8, 8, 2, 22, 8, 8, 8, 8, 2, 22, 8, 8, 8, 8, 2, 22, 8, 8, 8, 8, 2]",22n-8n-8n-8n-8n-2o,,690,718
22,2,22N-10N-10N-10N-2N-22N-10N-10N-10N-2N-22N-10N-10N-10N-2N-22N-10N-10N-10N-2N,25.0,Config2,56.00000000000001,81,48.5,0.6966650018114193,12.51,37,474,114004741499000,114004747054700,6139786.5,1.654958,20,0.01,0.3,0.0015,0.99,0.999,1.0,0.99,1.0,20,216,"[22, 10, 10, 10, 2, 22, 10, 10, 10, 2, 22, 10, 10, 10, 2, 22, 10, 10, 10, 2]",22n-10n-10n-10n-2o,,686,718
22,2,22N-14N-14N-2N-22N-14N-14N-2N-22N-14N-14N-2N-22N-14N-14N-2N,25.0,Config1,55.50000000000001,318,44.5,0.770776728451832,12.09,34,477,113997342376100,113997348778000,5857811.5,1.548152,28,0.01,0.3,0.0015,0.99,0.999,1.0,0.99,1.0,16,208,"[22, 14, 14, 2, 22, 14, 14, 2, 22, 14, 14, 2, 22, 14, 14, 2]",22n-14n-14n-2o,,692,718
22,2,22N-5N-5N-5N-5N-5N-5N-5N-2N-22N-5N-5N-5N-5N-5N-5N-5N-2N,25.0,Config6,60.5,345,60.0,0.47852975651903085,11.74,4,507,114075730218800,114075735088600,5567916.5,1.007525,10,0.01,0.3,0.0015,0.99,0.999,1.0,0.99,1.0,18,118,"[22, 5, 5, 5, 5, 5, 5, 5, 2, 22, 5, 5, 5, 5, 5, 5, 5, 2]",22n-5n-5n-5n-5n-5n-5n-5n-2o,,656,718
22,2,22N-6N-6N-6N-6N-6N-6N-2N-22N-6N-6N-6N-6N-6N-6N-2N-22N-6N-6N-6N-6N-6N-6N-2N-22N-6N-6N-6N-6N-6N-6N-2N,25.0,Config5,63.0,433,54.0,0.5816723100024159,12.33,71,440,114068889083700,114068894855300,6286656.5,1.118378,12,0.01,0.3,0.0015,0.99,0.999,1.0,0.99,1.0,32,240,"[22, 6, 6, 6, 6, 6, 6, 2, 22, 6, 6, 6, 6, 6, 6, 2, 22, 6, 6, 6, 6, 6, 6, 2, 22, 6, 6, 6, 6, 6, 6, 2]",22n-6n-6n-6n-6n-6n-6n-2o,,699,718
22,2,22N-7N-7N-7N-7N-7N-2N-22N-7N-7N-7N-7N-7N-2N-22N-7N-7N-7N-7N-7N-2N-22N-7N-7N-7N-7N-7N-2N,25.0,Config4,63.5,221,51.0,0.6520783751525007,12.26,67,444,114061684320700,114061693127500,5997619.5,1.211331,14,0.01,0.3,0.0015,0.99,0.999,1.0,0.99,1.0,28,236,"[22, 7, 7, 7, 7, 7, 2, 22, 7, 7, 7, 7, 7, 2, 22, 7, 7, 7, 7, 7, 2, 22, 7, 7, 7, 7, 7, 2]",22n-7n-7n-7n-7n-7n-2o,,700,718
22,2,22N-8N-8N-8N-8N-2N-22N-8N-8N-8N-8N-2N-22N-8N-8N-8N-8N-2N-22N-8N-8N-8N-8N-2N,25.0,Config3,58.5,43,48.5,0.7150122654759204,12.51,63,448,114054804818600,114054810135900,6348569.0,1.918152,16,0.01,0.3,0.0015,0.99,0.999,1.0,0.99,1.0,24,224,"[22, 8, 8, 8, 8, 2, 22, 8, 8, 8, 8, 2, 22, 8, 8, 8, 8, 2, 22, 8, 8, 8, 8, 2]",22n-8n-8n-8n-8n-2o,,696,718
22,2,22N-10N-10N-10N-2N-22N-10N-10N-10N-2N-22N-10N-10N-10N-2N,25.0,Config2,59.5,422,51.5,0.5695105537974922,12.46,60,451,114047461361000,114047468405000,5887483.0,1.21823,20,0.01,0.3,0.0015,0.99,0.999,1.0,0.99,1.0,15,162,"[22, 10, 10, 10, 2, 22, 10, 10, 10, 2, 22, 10, 10, 10, 2]",22n-10n-10n-10n-2o,,697,718
22,2,22N-11N-11N-11N-2N,25.0,Config2,54.50000000000001,127,50.5,0.728712673355178,12.1,66,445,89887297367900,89887306218300,7250034.0,1.648776,22,0.01,0.3,0.0015,0.99,0.999,1.0,0.99,1.0,5,57,"[22, 11, 11, 11, 2]",22n-11n-11n-11n-2o,,728,718
22,2,22N-14N-14N-2N-22N-14N-14N-2N-22N-14N-14N-2N-22N-14N-14N-2N,25.0,Config1,57.49999999999999,263,43.0,0.6698245907682184,12.59,56,455,114040606253700,114040611349800,5695977.0,1.18762,28,0.01,0.3,0.0015,0.99,0.999,1.0,0.99,1.0,16,208,"[22, 14, 14, 2, 22, 14, 14, 2, 22, 14, 14, 2, 22, 14, 14, 2]",22n-14n-14n-2o,,705,718
22,2,22N-5N-5N-5N-5N-5N-5N-5N-2N-22N-5N-5N-5N-5N-5N-5N-5N-2N,25.0,Config6,56.49999999999999,268,52.0,0.6768495833053162,12.55,28,483,114118395562200,114118401207000,6110000.0,1.562944,10,0.01,0.3,0.0015,0.99,0.999,1.0,0.99,1.0,18,118,"[22, 5, 5, 5, 5, 5, 5, 5, 2, 22, 5, 5, 5, 5, 5, 5, 5, 2]",22n-5n-5n-5n-5n-5n-5n-5n-2o,,660,718
22,2,22N-6N-6N-6N-6N-6N-6N-2N-22N-6N-6N-6N-6N-6N-6N-2N-22N-6N-6N-6N-6N-6N-6N-2N-22N-6N-6N-6N-6N-6N-6N-2N,25.0,Config5,57.49999999999999,614,52.5,0.6305749144000391,12.77,22,489,114111139905000,114111148601700,6151611.5,0.893289,12,0.01,0.3,0.0015,0.99,0.999,1.0,0.99,1.0,32,240,"[22, 6, 6, 6, 6, 6, 6, 2, 22, 6, 6, 6, 6, 6, 6, 2, 22, 6, 6, 6, 6, 6, 6, 2, 22, 6, 6, 6, 6, 6, 6, 2]",22n-6n-6n-6n-6n-6n-6n-2o,,709,718
22,2,22N-7N-7N-7N-7N-7N-2N-22N-7N-7N-7N-7N-7N-2N-22N-7N-7N-7N-7N-7N-2N-22N-7N-7N-7N-7N-7N-2N,25.0,Config4,56.49999999999999,206,44.0,0.7419734728931708,12.5,18,493,114103900561400,114103907922200,6604293.5,1.518727,14,0.01,0.3,0.0015,0.99,0.999,1.0,0.99,1.0,28,236,"[22, 7, 7, 7, 7, 7, 2, 22, 7, 7, 7, 7, 7, 2, 22, 7, 7, 7, 7, 7, 2, 22, 7, 7, 7, 7, 7, 2]",22n-7n-7n-7n-7n-7n-2o,,692,718
22,2,22N-8N-8N-8N-8N-2N-22N-8N-8N-8N-8N-2N-22N-8N-8N-8N-8N-2N-22N-8N-8N-8N-8N-2N,25.0,Config3,61.5,0,55.00000000000001,0.6281874228858108,12.65,14,497,114096436737400,114096443629300,6113491.5,1.713278,16,0.01,0.3,0.0015,0.99,0.999,1.0,0.99,1.0,24,224,"[22, 8, 8, 8, 8, 2, 22, 8, 8, 8, 8, 2, 22, 8, 8, 8, 8, 2, 22, 8, 8, 8, 8, 2]",22n-8n-8n-8n-8n-2o,,697,718
22,2,22N-10N-10N-10N-2N-22N-10N-10N-10N-2N-22N-10N-10N-10N-2N,25.0,Config2,57.49999999999999,284,51.0,0.6434306131591541,12.66,12,499,114089267955300,114089273015200,5674950.0,1.313802,20,0.01,0.3,0.0015,0.99,0.999,1.0,0.99,1.0,15,162,"[22, 10, 10, 10, 2, 22, 10, 10, 10, 2, 22, 10, 10, 10, 2]",22n-10n-10n-10n-2o,,699,718
22,2,22N-11N-11N-11N-2N,25.0,Config2,55.00000000000001,156,52.0,0.6892386161308636,11.53,18,493,130884521206700,130884528207300,7019540.0,1.650977,22,0.01,0.3,0.0015,0.99,0.999,1.0,0.99,1.0,5,57,"[22, 11, 11, 11, 2]",22n-11n-11n-11n-2o,,752,718
22,2,22N-14N-14N-2N-22N-14N-14N-2N-22N-14N-14N-2N-22N-14N-14N-2N,25.0,Config1,57.99999999999999,0,50.0,0.5853350596705985,12.02,8,503,114082416942500,114082423534100,5802348.0,1.257945,28,0.01,0.3,0.0015,0.99,0.999,1.0,0.99,1.0,16,208,"[22, 14, 14, 2, 22, 14, 14, 2, 22, 14, 14, 2, 22, 14, 14, 2]",22n-14n-14n-2o,,715,718
NA,NA,NA,0.0,Config6,57.99999999999999,342,50.5,0.5694118716180692,12.62,30,481,214968483476300,214968489600000,6481439.0,1.134989,16,0.01,0.3,0.0015,0.99,0.999,1.0,0.99,1.0,NA,NA,NA,NA,,6,718
NA,NA,NA,0.0,Config4,56.49999999999999,184,49.5,0.625998842926379,12.53,21,490,214953231473500,214953236472200,5283076.5,1.065488,20,0.01,0.3,0.0015,0.99,0.999,1.0,0.99,1.0,NA,NA,NA,NA,,4,718
NA,NA,NA,0.0,Config3,63.0,242,56.00000000000001,0.641313009781694,12.17,17,494,214946330661600,214946335464700,5165442.0,1.466944,22,0.01,0.3,0.0015,0.99,0.999,1.0,0.99,1.0,NA,NA,NA,NA,,3,718
NA,NA,NA,0.0,Config5,56.99999999999999,277,54.50000000000001,0.605290180406941,12.53,25,486,214960130134100,214960135753000,5255757.0,0.729659,18,0.01,0.3,0.0015,0.99,0.999,1.0,0.99,1.0,NA,NA,NA,NA,,5,718
NA,NA,NA,0.0,Config6,54.50000000000001,347,50.5,0.543184936534904,12.48,46,465,214996255240300,214996260122000,4992246.0,0.89305,16,0.01,0.3,0.0015,0.99,0.999,1.0,0.99,1.0,NA,NA,NA,NA,,6,718
NA,NA,NA,0.0,Config4,59.5,104,53.0,0.6656035593681513,12.71,38,473,214982584812200,214982589839700,5408543.0,0.947543,20,0.01,0.3,0.0015,0.99,0.999,1.0,0.99,1.0,NA,NA,NA,NA,,4,718
NA,NA,NA,0.0,Config3,59.0,128,49.5,0.7015927082604269,12.57,34,477,214975537605000,214975542355400,5305345.5,1.17116,22,0.01,0.3,0.0015,0.99,0.999,1.0,0.99,1.0,NA,NA,NA,NA,,3,718
NA,NA,NA,0.0,Config5,55.50000000000001,262,47.0,0.623805658399838,12.34,42,469,214989486893300,214989491993600,5244861.0,1.049579,18,0.01,0.3,0.0015,0.99,0.999,1.0,0.99,1.0,NA,NA,NA,NA,,5,718
NA,NA,NA,0.0,Config6,59.5,39,49.0,0.5851030210999448,12.51,63,448,215023567024200,215023571946800,4968477.5,0.877672,16,0.01,0.3,0.0015,0.99,0.999,1.0,0.99,1.0,NA,NA,NA,NA,,6,718
NA,NA,NA,0.0,Config4,61.5,68,48.0,0.6417751383362622,12.24,54,457,215009919070800,215009924433700,5379202.5,1.187074,20,0.01,0.3,0.0015,0.99,0.999,1.0,0.99,1.0,NA,NA,NA,NA,,4,718
NA,NA,NA,0.0,Config3,59.5,58,46.0,0.7700760950708749,12.36,50,461,215002944499100,215002950786400,4948255.5,1.257184,22,0.01,0.3,0.0015,0.99,0.999,1.0,0.99,1.0,NA,NA,NA,NA,,3,718
NA,NA,NA,0.0,Config5,60.0,223,54.0,0.5086780100654981,12.73,59,452,215016796438300,215016801508200,5233654.5,1.077359,18,0.01,0.3,0.0015,0.99,0.999,1.0,0.99,1.0,NA,NA,NA,NA,,5,718
NA,NA,NA,10.0,Config6,59.0,203,51.5,0.555289344928078,12.52,6,505,215998803511400,215998808540400,5755344.5,0.939513,14,0.01,0.3,0.0015,0.99,0.999,1.0,0.99,1.0,NA,NA,NA,NA,,6,762
NA,NA,NA,10.0,Config3,57.49999999999999,0,51.5,0.672300553528798,12.53,202,309,215977229599600,215977234858400,5001726.5,1.295382,20,0.01,0.3,0.0015,0.99,0.999,1.0,0.99,1.0,NA,NA,NA,NA,,3,762
NA,NA,NA,10.0,Config5,61.5,169,50.5,0.6902173818142492,12.4,210,301,215991322007000,215991330573600,5624775.0,1.037119,16,0.01,0.3,0.0015,0.99,0.999,1.0,0.99,1.0,NA,NA,NA,NA,,5,762
NA,NA,NA,10.0,Config4,61.0,373,55.00000000000001,0.5499841153891045,12.58,206,305,215984293108000,215984298277400,5478453.0,1.366934,18,0.01,0.3,0.0015,0.99,0.999,1.0,0.99,1.0,NA,NA,NA,NA,,4,762
NA,NA,NA,10.0,Config6,57.99999999999999,198,46.0,0.5542336375577959,9.77,24,487,216032042625900,216032048355400,6343366.0,0.963638,14,0.01,0.3,0.0015,0.99,0.999,1.0,0.99,1.0,NA,NA,NA,NA,,6,762
NA,NA,NA,10.0,Config3,55.00000000000001,361,47.5,0.7054916169155474,12.22,10,501,216006767507500,216006774661000,6180918.5,1.371888,20,0.01,0.3,0.0015,0.99,0.999,1.0,0.99,1.0,NA,NA,NA,NA,,3,762
NA,NA,NA,10.0,Config5,57.99999999999999,209,47.0,0.5978663949491327,12.02,18,493,216023900576800,216023908217400,7043610.5,0.67281,16,0.01,0.3,0.0015,0.99,0.999,1.0,0.99,1.0,NA,NA,NA,NA,,5,762
NA,NA,NA,10.0,Config4,57.49999999999999,134,54.50000000000001,0.6247897726755802,12.41,14,497,216015361464900,216015367483900,6967076.0,1.488847,18,0.01,0.3,0.0015,0.99,0.999,1.0,0.99,1.0,NA,NA,NA,NA,,4,762
NA,NA,NA,10.0,Config6,56.49999999999999,106,45.0,0.5574138442276482,12.25,40,471,216063312584900,216063318599700,5925710.0,0.965818,14,0.01,0.3,0.0015,0.99,0.999,1.0,0.99,1.0,NA,NA,NA,NA,,6,762
NA,NA,NA,10.0,Config3,56.99999999999999,183,45.5,0.7180694759806678,12.49,28,483,216039503078800,216039509120000,5646447.0,1.330194,20,0.01,0.3,0.0015,0.99,0.999,1.0,0.99,1.0,NA,NA,NA,NA,,3,762
NA,NA,NA,10.0,Config5,60.0,4,50.0,0.6200825091409987,12.55,36,475,216055806791300,216055812154200,6283006.5,1.123806,16,0.01,0.3,0.0015,0.99,0.999,1.0,0.99,1.0,NA,NA,NA,NA,,5,762
NA,NA,NA,10.0,Config4,57.99999999999999,334,49.5,0.6399014356101475,11.65,32,479,216047876634100,216047882589700,6649488.5,1.181571,18,0.01,0.3,0.0015,0.99,0.999,1.0,0.99,1.0,NA,NA,NA,NA,,4,762
NA,NA,NA,100.0,Config6,56.00000000000001,17,51.0,0.6448075821677905,12.52,110,401,220353009287400,220353018194300,8523081.5,0.749835,8,0.01,0.3,0.0015,0.99,0.999,1.0,0.99,1.0,NA,NA,NA,NA,,6,1146
NA,NA,NA,100.0,Config5,58.5,66,49.0,0.7620353158798122,12.88,106,405,220343653384500,220343663258600,9252300.0,1.681226,10,0.01,0.3,0.0015,0.99,0.999,1.0,0.99,1.0,NA,NA,NA,NA,,5,1146
NA,NA,NA,100.0,Config4,61.0,24,51.0,0.6981718051185487,12.04,102,409,220333945268000,220333957452000,9875985.5,1.839687,12,0.01,0.3,0.0015,0.99,0.999,1.0,0.99,1.0,NA,NA,NA,NA,,4,1146
NA,NA,NA,100.0,Config3,61.0,130,47.0,0.7491760547894315,12.59,96,415,220323737485900,220323746408900,8326751.5,1.557439,14,0.01,0.3,0.0015,0.99,0.999,1.0,0.99,1.0,NA,NA,NA,NA,,3,1146
NA,NA,NA,100.0,Config6,56.99999999999999,186,43.0,0.8301335435054013,12.33,128,383,220392729437700,220392737934200,8933552.0,1.79748,8,0.01,0.3,0.0015,0.99,0.999,1.0,0.99,1.0,NA,NA,NA,NA,,6,1146
NA,NA,NA,100.0,Config5,55.00000000000001,190,40.0,0.8323569012842459,12.03,124,387,220383018412900,220383027404800,10338797.5,1.566939,10,0.01,0.3,0.0015,0.99,0.999,1.0,0.99,1.0,NA,NA,NA,NA,,5,1146
NA,NA,NA,100.0,Config4,53.5,84,51.0,0.7525272509380688,12.27,118,393,220372270029600,220372281738700,9644884.0,1.320751,12,0.01,0.3,0.0015,0.99,0.999,1.0,0.99,1.0,NA,NA,NA,NA,,4,1146
NA,NA,NA,100.0,Config3,56.49999999999999,93,50.0,0.7078836867563664,12.56,114,397,220362188125400,220362195717800,8083585.5,1.720103,14,0.01,0.3,0.0015,0.99,0.999,1.0,0.99,1.0,NA,NA,NA,NA,,3,1146
NA,NA,NA,100.0,Config6,59.0,227,49.0,0.7266774896257577,12.39,146,365,220430371773300,220430381531100,9617459.0,1.432067,8,0.01,0.3,0.0015,0.99,0.999,1.0,0.99,1.0,NA,NA,NA,NA,,6,1146
NA,NA,NA,100.0,Config5,57.99999999999999,396,55.50000000000001,0.6576895214505903,12.67,142,369,220419921241100,220419929297100,8328843.5,1.207897,10,0.01,0.3,0.0015,0.99,0.999,1.0,0.99,1.0,NA,NA,NA,NA,,5,1146
NA,NA,NA,100.0,Config4,59.5,72,50.5,0.775667226661286,12.4,136,375,220411080768300,220411089017100,8161274.0,1.785571,12,0.01,0.3,0.0015,0.99,0.999,1.0,0.99,1.0,NA,NA,NA,NA,,4,1146
NA,NA,NA,100.0,Config3,55.50000000000001,391,54.50000000000001,0.6844193346452334,12.67,132,379,220402244598000,220402251371900,8319276.0,1.177736,14,0.01,0.3,0.0015,0.99,0.999,1.0,0.99,1.0,NA,NA,NA,NA,,3,1146
NA,NA,NA,25.0,Config6,57.49999999999999,101,50.5,0.7143606724210411,12.5,46,465,216993321672400,216993327158600,5532320.0,1.733633,12,0.01,0.3,0.0015,0.99,0.999,1.0,0.99,1.0,NA,NA,NA,NA,,6,830
NA,NA,NA,25.0,Config3,62.0,366,59.0,0.635880090997322,12.44,32,479,216972730458700,216972736399000,6066398.0,1.747795,20,0.01,0.3,0.0015,0.99,0.999,1.0,0.99,1.0,NA,NA,NA,NA,,3,830
NA,NA,NA,25.0,Config5,56.99999999999999,11,53.0,0.6350420754319792,12.53,40,471,216986571399400,216986577810600,6057516.0,1.775336,14,0.01,0.3,0.0015,0.99,0.999,1.0,0.99,1.0,NA,NA,NA,NA,,5,830
NA,NA,NA,25.0,Config4,59.5,120,48.5,0.6867855736088778,12.49,36,475,216979498591800,216979503963400,5491242.0,1.63526,16,0.01,0.3,0.0015,0.99,0.999,1.0,0.99,1.0,NA,NA,NA,NA,,4,830
NA,NA,NA,25.0,Config6,56.49999999999999,43,50.0,0.6387588263453494,12.49,62,449,217021096247000,217021101674400,5588026.5,1.467909,12,0.01,0.3,0.0015,0.99,0.999,1.0,0.99,1.0,NA,NA,NA,NA,,6,830
NA,NA,NA,25.0,Config3,57.49999999999999,18,47.0,0.7539850733374255,12.68,50,461,217000215955400,217000222079200,5991486.5,1.555008,20,0.01,0.3,0.0015,0.99,0.999,1.0,0.99,1.0,NA,NA,NA,NA,,3,830
NA,NA,NA,25.0,Config5,59.0,185,46.5,0.7701551680801171,12.26,58,453,217014324594700,217014331985900,6462775.0,1.772984,14,0.01,0.3,0.0015,0.99,0.999,1.0,0.99,1.0,NA,NA,NA,NA,,5,830
NA,NA,NA,25.0,Config4,56.00000000000001,172,44.0,0.7569547545245832,12.34,54,457,217007016949500,217007022507200,5634923.5,1.620203,16,0.01,0.3,0.0015,0.99,0.999,1.0,0.99,1.0,NA,NA,NA,NA,,4,830
NA,NA,NA,25.0,Config6,56.00000000000001,378,51.5,0.6902533815297032,12.58,78,433,217048350383000,217048356268600,5720228.5,1.574698,12,0.01,0.3,0.0015,0.99,0.999,1.0,0.99,1.0,NA,NA,NA,NA,,6,830
NA,NA,NA,25.0,Config3,60.0,36,50.0,0.6974033439923543,12.23,66,445,217028114659200,217028120578100,6173159.5,1.390192,20,0.01,0.3,0.0015,0.99,0.999,1.0,0.99,1.0,NA,NA,NA,NA,,3,830
NA,NA,NA,25.0,Config5,59.0,377,52.5,0.6121101042831747,12.4,74,437,217041553496400,217041559080000,5541197.5,1.443099,14,0.01,0.3,0.0015,0.99,0.999,1.0,0.99,1.0,NA,NA,NA,NA,,5,830
NA,NA,NA,25.0,Config4,59.0,113,46.0,0.739500342391661,12.64,70,441,217034825910300,217034831639300,5556217.0,1.543131,16,0.01,0.3,0.0015,0.99,0.999,1.0,0.99,1.0,NA,NA,NA,NA,,4,830
NA,NA,NA,50.0,Config6,56.49999999999999,30,50.0,0.7923965108334576,12.37,48,463,217986218174900,217986224261200,6329009.0,2.004605,10,0.01,0.3,0.0015,0.99,0.999,1.0,0.99,1.0,NA,NA,NA,NA,,6,924
NA,NA,NA,50.0,Config5,59.0,372,51.5,0.7220879418724653,12.33,42,469,217979119937500,217979126160900,6301456.0,1.491087,12,0.01,0.3,0.0015,0.99,0.999,1.0,0.99,1.0,NA,NA,NA,NA,,5,924
NA,NA,NA,50.0,Config4,59.0,182,47.5,0.7765399877183927,12.04,38,473,217972143125900,217972149522200,6730099.5,1.709971,14,0.01,0.3,0.0015,0.99,0.999,1.0,0.99,1.0,NA,NA,NA,NA,,4,924
NA,NA,NA,50.0,Config3,54.0,54,45.5,0.8792618942327017,12.05,34,477,217964921134400,217964927031000,5747208.0,1.318771,16,0.01,0.3,0.0015,0.99,0.999,1.0,0.99,1.0,NA,NA,NA,NA,,3,924
NA,NA,NA,50.0,Config6,56.99999999999999,111,47.5,0.7317756379657689,11.68,64,447,218014302327900,218014308527000,6397382.5,1.766199,10,0.01,0.3,0.0015,0.99,0.999,1.0,0.99,1.0,NA,NA,NA,NA,,6,924
NA,NA,NA,50.0,Config5,60.0,195,44.0,0.8150060963708515,12.35,60,451,218007301699300,218007308511000,7123162.0,1.669824,12,0.01,0.3,0.0015,0.99,0.999,1.0,0.99,1.0,NA,NA,NA,NA,,5,924
NA,NA,NA,50.0,Config4,54.50000000000001,179,45.5,0.7439838481282907,12.63,56,455,217999782157700,217999788407000,6331852.0,1.449216,14,0.01,0.3,0.0015,0.99,0.999,1.0,0.99,1.0,NA,NA,NA,NA,,4,924
NA,NA,NA,50.0,Config3,56.99999999999999,165,44.0,0.6266966735312819,12.33,52,459,217992818206900,217992823665200,5561223.0,0.988478,16,0.01,0.3,0.0015,0.99,0.999,1.0,0.99,1.0,NA,NA,NA,NA,,3,924
NA,NA,NA,50.0,Config6,59.0,210,55.00000000000001,0.5683676273657601,12.04,80,431,218041918037100,218041924767600,6134674.0,1.312945,10,0.01,0.3,0.0015,0.99,0.999,1.0,0.99,1.0,NA,NA,NA,NA,,6,924
NA,NA,NA,50.0,Config5,61.0,123,49.0,0.6422764859466145,12.15,76,435,218035044689800,218035050827700,6679943.0,1.238734,12,0.01,0.3,0.0015,0.99,0.999,1.0,0.99,1.0,NA,NA,NA,NA,,5,924
NA,NA,NA,50.0,Config4,56.99999999999999,241,47.0,0.6729416229421173,12.48,72,439,218027755026900,218027761231100,6378895.0,1.490296,14,0.01,0.3,0.0015,0.99,0.999,1.0,0.99,1.0,NA,NA,NA,NA,,4,924
NA,NA,NA,50.0,Config3,56.00000000000001,74,44.0,0.6534634418958598,12.66,68,443,218020851292300,218020856657800,5466530.5,1.308471,16,0.01,0.3,0.0015,0.99,0.999,1.0,0.99,1.0,NA,NA,NA,NA,,3,924
NA,NA,NA,75.0,Config6,56.00000000000001,232,49.5,0.6529593560980903,12.17,62,449,219092254319100,219092260398700,6242614.0,1.080364,8,0.01,0.3,0.0015,0.99,0.999,1.0,0.99,1.0,NA,NA,NA,NA,,6,1020
NA,NA,NA,75.0,Config5,55.00000000000001,307,52.0,0.6580443739403803,12.27,58,453,219084916051900,219084922809300,7793061.0,1.313129,10,0.01,0.3,0.0015,0.99,0.999,1.0,0.99,1.0,NA,NA,NA,NA,,5,1020
NA,NA,NA,75.0,Config4,53.5,277,46.5,0.6665007257958648,12.1,52,459,219076593492200,219076600288700,8059063.0,1.386428,12,0.01,0.3,0.0015,0.99,0.999,1.0,0.99,1.0,NA,NA,NA,NA,,4,1020
NA,NA,NA,75.0,Config3,56.49999999999999,334,51.5,0.6726294247014982,12.39,48,463,219068059161200,219068066181800,7576208.0,1.924625,14,0.01,0.3,0.0015,0.99,0.999,1.0,0.99,1.0,NA,NA,NA,NA,,3,1020
NA,NA,NA,75.0,Config6,56.99999999999999,31,48.0,0.6450083517602846,11.96,80,431,219126827188100,219126833413200,6753770.0,0.954903,8,0.01,0.3,0.0015,0.99,0.999,1.0,0.99,1.0,NA,NA,NA,NA,,6,1020
NA,NA,NA,75.0,Config5,56.99999999999999,43,53.0,0.6154496233071598,12.63,76,435,219119146861100,219119154110800,8167160.0,0.901199,10,0.01,0.3,0.0015,0.99,0.999,1.0,0.99,1.0,NA,NA,NA,NA,,5,1020
NA,NA,NA,75.0,Config4,60.0,115,47.5,0.6329410924338075,12.56,72,439,219110429712600,219110438233300,8536026.5,1.270608,12,0.01,0.3,0.0015,0.99,0.999,1.0,0.99,1.0,NA,NA,NA,NA,,4,1020
NA,NA,NA,75.0,Config3,56.99999999999999,86,44.0,0.8871971032286656,11.53,68,443,219101357944200,219101374911200,8770978.5,1.803594,16,0.01,0.3,0.0015,0.99,0.999,1.0,0.99,1.0,NA,NA,NA,NA,,3,1020
NA,NA,NA,75.0,Config6,58.5,8,52.0,0.6659832221670895,12.28,98,413,219161184189900,219161193530400,8606264.0,1.918229,8,0.01,0.3,0.0015,0.99,0.999,1.0,0.99,1.0,NA,NA,NA,NA,,6,1020
NA,NA,NA,75.0,Config5,61.5,180,50.0,0.7552813919478022,12.29,94,417,219151771172900,219151781171500,8260582.0,1.638717,10,0.01,0.3,0.0015,0.99,0.999,1.0,0.99,1.0,NA,NA,NA,NA,,5,1020
NA,NA,NA,75.0,Config4,57.99999999999999,227,52.0,0.5946896054744988,11.49,88,423,219142957112500,219142964456800,7239838.0,1.190872,12,0.01,0.3,0.0015,0.99,0.999,1.0,0.99,1.0,NA,NA,NA,NA,,4,1020
NA,NA,NA,75.0,Config3,56.00000000000001,37,52.5,0.7436847909688525,12.47,96,415,182966018658900,182966025727400,7442402.5,1.56647,14,0.01,0.3,0.0015,0.99,0.999,1.0,0.99,1.0,NA,NA,NA,NA,,3,1020
NA,NA,NA,75.0,Config3,56.00000000000001,7,50.5,0.6852908095086064,12.33,84,427,219135170169700,219135178128400,8035415.0,1.351042,16,0.01,0.3,0.0015,0.99,0.999,1.0,0.99,1.0,NA,NA,NA,NA,,3,1028
22,2,22N-5N-5N-5N-5N-5N-5N-5N-2N-22N-5N-5N-5N-5N-5N-5N-5N-2N,25.0,Config6,56.49999999999999,134,46.0,0.6206127217247591,11.89,50,461,114159865374700,114159871026100,5625197.5,1.077935,10,0.01,0.3,0.0015,0.99,0.999,1.0,0.99,1.0,18,118,"[22, 5, 5, 5, 5, 5, 5, 5, 2, 22, 5, 5, 5, 5, 5, 5, 5, 2]",22n-5n-5n-5n-5n-5n-5n-5n-2o,,658,718
22,2,22N-6N-6N-6N-6N-6N-6N-2N-22N-6N-6N-6N-6N-6N-6N-2N-22N-6N-6N-6N-6N-6N-6N-2N-22N-6N-6N-6N-6N-6N-6N-2N,25.0,Config5,61.5,202,46.0,0.6976319657442227,12.43,45,466,114153051088900,114153056850700,6473813.5,1.078348,12,0.01,0.3,0.0015,0.99,0.999,1.0,0.99,1.0,32,240,"[22, 6, 6, 6, 6, 6, 6, 2, 22, 6, 6, 6, 6, 6, 6, 2, 22, 6, 6, 6, 6, 6, 6, 2, 22, 6, 6, 6, 6, 6, 6, 2]",22n-6n-6n-6n-6n-6n-6n-2o,,687,718
22,2,22N-7N-7N-7N-7N-7N-2N-22N-7N-7N-7N-7N-7N-2N-22N-7N-7N-7N-7N-7N-2N-22N-7N-7N-7N-7N-7N-2N,25.0,Config4,61.0,220,49.0,0.653627658808356,11.65,41,470,114145833317100,114145838816200,6756582.5,1.351765,14,0.01,0.3,0.0015,0.99,0.999,1.0,0.99,1.0,28,236,"[22, 7, 7, 7, 7, 7, 2, 22, 7, 7, 7, 7, 7, 2, 22, 7, 7, 7, 7, 7, 2, 22, 7, 7, 7, 7, 7, 2]",22n-7n-7n-7n-7n-7n-2o,,684,718
22,2,22N-8N-8N-8N-8N-2N-22N-8N-8N-8N-8N-2N-22N-8N-8N-8N-8N-2N-22N-8N-8N-8N-8N-2N,25.0,Config3,61.0,9,44.0,0.8019882617842036,12.47,37,474,114138266413700,114138272059100,5805971.5,1.896601,16,0.01,0.3,0.0015,0.99,0.999,1.0,0.99,1.0,24,224,"[22, 8, 8, 8, 8, 2, 22, 8, 8, 8, 8, 2, 22, 8, 8, 8, 8, 2, 22, 8, 8, 8, 8, 2]",22n-8n-8n-8n-8n-2o,,695,718
22,2,22N-10N-10N-10N-2N-22N-10N-10N-10N-2N-22N-10N-10N-10N-2N,25.0,Config2,55.50000000000001,317,52.0,0.6565499314922774,12.25,34,477,114131590629700,114131596701600,5693033.0,1.590798,20,0.01,0.3,0.0015,0.99,0.999,1.0,0.99,1.0,15,162,"[22, 10, 10, 10, 2, 22, 10, 10, 10, 2, 22, 10, 10, 10, 2]",22n-10n-10n-10n-2o,,685,718
22,2,22N-11N-11N-11N-2N,25.0,Config2,58.5,63,52.5,0.610178324281438,12.25,41,470,130921674714400,130921681519700,7132602.5,1.635906,22,0.01,0.3,0.0015,0.99,0.999,1.0,0.99,1.0,5,57,"[22, 11, 11, 11, 2]",22n-11n-11n-11n-2o,,736,718
22,2,22N-14N-14N-2N-22N-14N-14N-2N-22N-14N-14N-2N-22N-14N-14N-2N,25.0,Config1,56.99999999999999,6,46.0,0.6353895649190576,12.15,30,481,114124892342600,114124898172100,5370852.0,1.425528,28,0.01,0.3,0.0015,0.99,0.999,1.0,0.99,1.0,16,208,"[22, 14, 14, 2, 22, 14, 14, 2, 22, 14, 14, 2, 22, 14, 14, 2]",22n-14n-14n-2o,,702,718
22,2,22N-5N-5N-5N-5N-5N-5N-5N-2N,25.0,Config6,56.99999999999999,0,46.5,0.6098002064538111,12.76,74,437,114204728543000,114204733471200,6116664.5,1.413147,10,0.01,0.3,0.0015,0.99,0.999,1.0,0.99,1.0,9,59,"[22, 5, 5, 5, 5, 5, 5, 5, 2]",22n-5n-5n-5n-5n-5n-5n-5n-2o,,647,718
22,2,22N-6N-6N-6N-6N-6N-6N-6N-2N,25.0,Config6,55.00000000000001,0,41.0,0.7095017868928825,12.05,74,437,135109065752600,135109073439500,7943400.5,1.084277,12,0.01,0.3,0.0015,0.99,0.999,1.0,0.99,1.0,9,66,"[22, 6, 6, 6, 6, 6, 6, 6, 2]",22n-6n-6n-6n-6n-6n-6n-6n-2o,,783,718
22,2,22N-6N-6N-6N-6N-6N-6N-2N-22N-6N-6N-6N-6N-6N-6N-2N-22N-6N-6N-6N-6N-6N-6N-2N-22N-6N-6N-6N-6N-6N-6N-2N,25.0,Config5,58.5,60,48.5,0.6045860685835338,11.6,69,442,114197262865900,114197269031400,6556794.0,1.344725,12,0.01,0.3,0.0015,0.99,0.999,1.0,0.99,1.0,32,240,"[22, 6, 6, 6, 6, 6, 6, 2, 22, 6, 6, 6, 6, 6, 6, 2, 22, 6, 6, 6, 6, 6, 6, 2, 22, 6, 6, 6, 6, 6, 6, 2]",22n-6n-6n-6n-6n-6n-6n-2o,,701,718
22,2,22N-7N-7N-7N-7N-7N-2N-22N-7N-7N-7N-7N-7N-2N-22N-7N-7N-7N-7N-7N-2N-22N-7N-7N-7N-7N-7N-2N,25.0,Config4,58.5,14,47.0,0.6535631094666035,12.31,65,446,114189705145300,114189710896200,8398008.0,1.430926,14,0.01,0.3,0.0015,0.99,0.999,1.0,0.99,1.0,28,236,"[22, 7, 7, 7, 7, 7, 2, 22, 7, 7, 7, 7, 7, 2, 22, 7, 7, 7, 7, 7, 2, 22, 7, 7, 7, 7, 7, 2]",22n-7n-7n-7n-7n-7n-2o,,686,718
22,2,22N-8N-8N-8N-8N-2N-22N-8N-8N-8N-8N-2N-22N-8N-8N-8N-8N-2N-22N-8N-8N-8N-8N-2N,25.0,Config3,56.99999999999999,605,48.5,0.7278717276308102,12.32,61,450,114180703618200,114180708717200,6279716.5,1.736136,16,0.01,0.3,0.0015,0.99,0.999,1.0,0.99,1.0,24,224,"[22, 8, 8, 8, 8, 2, 22, 8, 8, 8, 8, 2, 22, 8, 8, 8, 8, 2, 22, 8, 8, 8, 8, 2]",22n-8n-8n-8n-8n-2o,,682,718
22,2,22N-10N-10N-10N-2N-22N-10N-10N-10N-2N-22N-10N-10N-10N-2N,25.0,Config2,56.99999999999999,267,49.5,0.6990119599885449,12.6,57,454,114173297360200,114173304439600,5910052.5,1.68893,20,0.01,0.3,0.0015,0.99,0.999,1.0,0.99,1.0,15,162,"[22, 10, 10, 10, 2, 22, 10, 10, 10, 2, 22, 10, 10, 10, 2]",22n-10n-10n-10n-2o,,690,718
22,2,22N-11N-11N-11N-2N,25.0,Config2,56.99999999999999,125,55.50000000000001,0.6447377197280683,11.85,65,446,89976659654300,89976665639200,6014607.0,1.672248,22,0.01,0.3,0.0015,0.99,0.999,1.0,0.99,1.0,5,57,"[22, 11, 11, 11, 2]",22n-11n-11n-11n-2o,,747,718
22,2,22N-14N-14N-2N-22N-14N-14N-2N-22N-14N-14N-2N-22N-14N-14N-2N,25.0,Config1,60.0,258,49.0,0.685648248824505,12.48,54,457,114166368113400,114166375789000,5459189.5,1.488966,28,0.01,0.3,0.0015,0.99,0.999,1.0,0.99,1.0,16,208,"[22, 14, 14, 2, 22, 14, 14, 2, 22, 14, 14, 2, 22, 14, 14, 2]",22n-14n-14n-2o,,696,718
22,2,22N-5N-5N-5N-5N-5N-5N-5N-2N-22N-5N-5N-5N-5N-5N-5N-5N-2N-22N-5N-5N-5N-5N-5N-5N-5N-2N,25.0,Config6,54.50000000000001,0,44.5,0.5834812275093885,12.56,17,494,114250601233400,114250605840900,6147101.5,1.187052,10,0.01,0.3,0.0015,0.99,0.999,1.0,0.99,1.0,27,177,"[22, 5, 5, 5, 5, 5, 5, 5, 2, 22, 5, 5, 5, 5, 5, 5, 5, 2, 22, 5, 5, 5, 5, 5, 5, 5, 2]",22n-5n-5n-5n-5n-5n-5n-5n-2o,,682,718
22,2,22N-6N-6N-6N-6N-6N-6N-2N-22N-6N-6N-6N-6N-6N-6N-2N-22N-6N-6N-6N-6N-6N-6N-2N-22N-6N-6N-6N-6N-6N-6N-2N,25.0,Config5,60.5,66,48.5,0.5937470160945723,12.41,13,498,114243004450900,114243010027300,6443740.5,1.552706,12,0.01,0.3,0.0015,0.99,0.999,1.0,0.99,1.0,32,240,"[22, 6, 6, 6, 6, 6, 6, 2, 22, 6, 6, 6, 6, 6, 6, 2, 22, 6, 6, 6, 6, 6, 6, 2, 22, 6, 6, 6, 6, 6, 6, 2]",22n-6n-6n-6n-6n-6n-6n-2o,,691,718
22,2,22N-7N-7N-7N-7N-7N-2N-22N-7N-7N-7N-7N-7N-2N-22N-7N-7N-7N-7N-7N-2N-22N-7N-7N-7N-7N-7N-2N,25.0,Config4,59.5,714,57.99999999999999,0.5949152621121417,12.12,8,503,114235344304000,114235350459800,6544780.0,1.532427,14,0.01,0.3,0.0015,0.99,0.999,1.0,0.99,1.0,28,236,"[22, 7, 7, 7, 7, 7, 2, 22, 7, 7, 7, 7, 7, 2, 22, 7, 7, 7, 7, 7, 2, 22, 7, 7, 7, 7, 7, 2]",22n-7n-7n-7n-7n-7n-2o,,703,718
22,2,22N-8N-8N-8N-8N-2N-22N-8N-8N-8N-8N-2N-22N-8N-8N-8N-8N-2N,25.0,Config3,58.5,44,46.5,0.7453663441606699,11.84,5,506,114227923131100,114227928858900,6748433.5,1.69966,16,0.01,0.3,0.0015,0.99,0.999,1.0,0.99,1.0,18,168,"[22, 8, 8, 8, 8, 2, 22, 8, 8, 8, 8, 2, 22, 8, 8, 8, 8, 2]",22n-8n-8n-8n-8n-2o,,693,718
22,2,22N-9N-9N-9N-9N-2N,25.0,Config3,58.5,80,46.0,0.6887624131758834,11.58,13,498,130999989051500,130999996776400,7706359.0,1.117993,18,0.01,0.3,0.0015,0.99,0.999,1.0,0.99,1.0,6,60,"[22, 9, 9, 9, 9, 2]",22n-9n-9n-9n-9n-2o,,752,718
22,2,22N-10N-10N-10N-2N-22N-10N-10N-10N-2N-22N-10N-10N-10N-2N-22N-10N-10N-10N-2N,25.0,Config2,55.50000000000001,672,52.0,0.6887529184287159,12.49,81,430,114220198372700,114220203808200,7703503.5,1.38677,20,0.01,0.3,0.0015,0.99,0.999,1.0,0.99,1.0,20,216,"[22, 10, 10, 10, 2, 22, 10, 10, 10, 2, 22, 10, 10, 10, 2, 22, 10, 10, 10, 2]",22n-10n-10n-10n-2o,,691,718
22,2,22N-14N-14N-2N-22N-14N-14N-2N-22N-14N-14N-2N-22N-14N-14N-2N,25.0,Config1,61.5,220,49.5,0.664511508285933,12.78,77,434,114211466602700,114211471808000,5562472.0,1.351536,28,0.01,0.3,0.0015,0.99,0.999,1.0,0.99,1.0,16,208,"[22, 14, 14, 2, 22, 14, 14, 2, 22, 14, 14, 2, 22, 14, 14, 2]",22n-14n-14n-2o,,694,718
NA,NA,NA,0.0,Config6,61.5,241,56.49999999999999,0.4990997331519623,12.75,13,498,215051697714700,215051702976900,4984121.5,0.686793,16,0.01,0.3,0.0015,0.99,0.999,1.0,0.99,1.0,NA,NA,NA,NA,,6,718
NA,NA,NA,0.0,Config4,59.0,196,52.5,0.5305320849226132,12.53,4,507,215037717577400,215037723017800,5779986.0,0.979051,20,0.01,0.3,0.0015,0.99,0.999,1.0,0.99,1.0,NA,NA,NA,NA,,4,718
NA,NA,NA,0.0,Config3,60.0,263,54.0,0.534183374531381,12.3,67,444,215030354083000,215030359373200,5005329.0,1.369539,22,0.01,0.3,0.0015,0.99,0.999,1.0,0.99,1.0,NA,NA,NA,NA,,3,718
NA,NA,NA,0.0,Config5,60.5,389,53.5,0.4881513768662417,12.36,7,504,215044935478900,215044940969900,5567632.0,0.907565,18,0.01,0.3,0.0015,0.99,0.999,1.0,0.99,1.0,NA,NA,NA,NA,,5,718
NA,NA,NA,0.0,Config6,60.0,66,51.0,0.53062577217588,12.56,30,481,215079616785400,215079621676900,5804269.0,0.828043,16,0.01,0.3,0.0015,0.99,0.999,1.0,0.99,1.0,NA,NA,NA,NA,,6,718
NA,NA,NA,0.0,Config4,58.5,90,47.0,0.573733479375086,12.58,21,490,215065119579000,215065124715700,5240926.5,1.100473,20,0.01,0.3,0.0015,0.99,0.999,1.0,0.99,1.0,NA,NA,NA,NA,,4,718
NA,NA,NA,0.0,Config3,59.0,100,46.0,0.7491648153679398,12.55,17,494,215058325402100,215058330501000,4936202.0,1.398771,22,0.01,0.3,0.0015,0.99,0.999,1.0,0.99,1.0,NA,NA,NA,NA,,3,718
NA,NA,NA,0.0,Config5,59.0,45,46.5,0.6261874919534447,12.55,26,485,215072068696300,215072073900400,5346876.0,0.987489,18,0.01,0.3,0.0015,0.99,0.999,1.0,0.99,1.0,NA,NA,NA,NA,,5,718
NA,NA,NA,0.0,Config6,57.99999999999999,200,43.5,0.5523217956188798,12.13,47,464,215108397250100,215108402012200,5257577.0,1.040686,16,0.01,0.3,0.0015,0.99,0.999,1.0,0.99,1.0,NA,NA,NA,NA,,6,718
NA,NA,NA,0.0,Config4,54.50000000000001,148,42.0,0.7457602149300238,11.11,38,473,215094062547800,215094067776900,5340560.0,1.192814,20,0.01,0.3,0.0015,0.99,0.999,1.0,0.99,1.0,NA,NA,NA,NA,,4,718
NA,NA,NA,0.0,Config3,56.00000000000001,399,56.00000000000001,0.6960712946575077,11.82,34,477,215087032880800,215087039400700,5606477.5,1.249397,22,0.01,0.3,0.0015,0.99,0.999,1.0,0.99,1.0,NA,NA,NA,NA,,3,718
NA,NA,NA,0.0,Config5,58.5,190,47.0,0.5455222026083208,12.43,42,469,215101273656100,215101279278200,5517540.0,1.023094,18,0.01,0.3,0.0015,0.99,0.999,1.0,0.99,1.0,NA,NA,NA,NA,,5,718
NA,NA,NA,10.0,Config6,59.5,33,48.0,0.5740773686728282,12.77,56,455,216093935261500,216093941059600,6452966.5,0.944839,14,0.01,0.3,0.0015,0.99,0.999,1.0,0.99,1.0,NA,NA,NA,NA,,6,762
NA,NA,NA,10.0,Config3,60.0,261,49.0,0.681156903916395,12.56,44,467,216070733326400,216070738692600,5605028.0,1.489927,20,0.01,0.3,0.0015,0.99,0.999,1.0,0.99,1.0,NA,NA,NA,NA,,3,762
NA,NA,NA,10.0,Config5,57.99999999999999,43,50.5,0.6322611034950865,12.37,52,459,216085669098800,216085674733800,6183741.5,0.96253,16,0.01,0.3,0.0015,0.99,0.999,1.0,0.99,1.0,NA,NA,NA,NA,,5,762
NA,NA,NA,10.0,Config4,60.5,355,57.99999999999999,0.5977736373888716,12.45,48,463,216078087819000,216078093893900,5848902.0,1.411376,18,0.01,0.3,0.0015,0.99,0.999,1.0,0.99,1.0,NA,NA,NA,NA,,4,762
NA,NA,NA,10.0,Config6,59.0,255,53.0,0.5519676168099064,12.5,74,437,216128243953200,216128249077200,5924690.0,1.238487,14,0.01,0.3,0.0015,0.99,0.999,1.0,0.99,1.0,NA,NA,NA,NA,,6,762
NA,NA,NA,10.0,Config3,55.50000000000001,64,48.5,0.6249733186464332,12.14,60,451,216102943547300,216102950132500,6981515.0,1.213979,20,0.01,0.3,0.0015,0.99,0.999,1.0,0.99,1.0,NA,NA,NA,NA,,3,762
NA,NA,NA,10.0,Config5,57.99999999999999,78,52.5,0.5763169381292123,12.39,70,441,216120519975200,216120525458500,6445332.5,1.335649,16,0.01,0.3,0.0015,0.99,0.999,1.0,0.99,1.0,NA,NA,NA,NA,,5,762
NA,NA,NA,10.0,Config4,56.99999999999999,203,49.5,0.5994453963432652,11.82,64,447,216112199540600,216112206724600,7501112.5,1.049758,18,0.01,0.3,0.0015,0.99,0.999,1.0,0.99,1.0,NA,NA,NA,NA,,4,762
NA,NA,NA,10.0,Config6,63.5,5,51.5,0.5715070512506485,12.44,90,421,216158005296400,216158011275300,5619605.5,1.200805,14,0.01,0.3,0.0015,0.99,0.999,1.0,0.99,1.0,NA,NA,NA,NA,,6,762
NA,NA,NA,10.0,Config3,64.5,233,59.5,0.5637528647025534,12.1,78,433,216135377706600,216135382827900,5369595.0,1.511087,20,0.01,0.3,0.0015,0.99,0.999,1.0,0.99,1.0,NA,NA,NA,NA,,3,762
NA,NA,NA,10.0,Config5,57.49999999999999,107,54.0,0.5933137168680217,12.66,86,425,216150802142000,216150807521800,5951842.5,0.949741,16,0.01,0.3,0.0015,0.99,0.999,1.0,0.99,1.0,NA,NA,NA,NA,,5,762
NA,NA,NA,10.0,Config4,57.99999999999999,225,50.5,0.583682748956369,12.76,82,429,216143512523500,216143518662800,6438248.0,1.205723,18,0.01,0.3,0.0015,0.99,0.999,1.0,0.99,1.0,NA,NA,NA,NA,,4,762
NA,NA,NA,100.0,Config6,61.5,362,58.5,0.6125117431285017,11.99,164,347,220470430962400,220470439931800,9332483.0,1.686027,8,0.01,0.3,0.0015,0.99,0.999,1.0,0.99,1.0,NA,NA,NA,NA,,6,1146
NA,NA,NA,100.0,Config5,59.5,326,55.50000000000001,0.5995047856738216,12.54,158,353,220460003010700,220460013568800,10038125.5,1.613285,10,0.01,0.3,0.0015,0.99,0.999,1.0,0.99,1.0,NA,NA,NA,NA,,5,1146
NA,NA,NA,100.0,Config4,53.0,250,46.5,0.7397454980695721,12.45,154,357,220449480710800,220449490476300,9636344.5,1.982126,12,0.01,0.3,0.0015,0.99,0.999,1.0,0.99,1.0,NA,NA,NA,NA,,4,1146
NA,NA,NA,100.0,Config3,54.50000000000001,180,47.5,0.7456435252184481,12.67,150,361,220439183348400,220439191483700,7652475.0,1.781233,14,0.01,0.3,0.0015,0.99,0.999,1.0,0.99,1.0,NA,NA,NA,NA,,3,1146
NA,NA,NA,100.0,Config6,57.49999999999999,265,51.5,0.702569624793605,12.7,182,329,220508807879300,220508816153900,8878255.0,1.932523,8,0.01,0.3,0.0015,0.99,0.999,1.0,0.99,1.0,NA,NA,NA,NA,,6,1146
NA,NA,NA,100.0,Config5,56.49999999999999,7,49.0,0.7670882615347927,11.71,176,335,220499265718200,220499276682000,9319440.5,1.587837,10,0.01,0.3,0.0015,0.99,0.999,1.0,0.99,1.0,NA,NA,NA,NA,,5,1146
NA,NA,NA,100.0,Config4,57.49999999999999,253,50.5,0.7813852575438012,12.11,172,339,220489513534800,220489522848000,8982460.0,2.006576,12,0.01,0.3,0.0015,0.99,0.999,1.0,0.99,1.0,NA,NA,NA,NA,,4,1146
NA,NA,NA,100.0,Config3,56.00000000000001,197,42.0,0.8020074032848201,12.41,168,343,220479993855100,220480001037700,8393178.5,1.406604,14,0.01,0.3,0.0015,0.99,0.999,1.0,0.99,1.0,NA,NA,NA,NA,,3,1146
NA,NA,NA,100.0,Config6,57.99999999999999,136,47.5,0.7278480894357946,12.54,198,313,220546137189800,220546145523300,8841656.0,1.645619,8,0.01,0.3,0.0015,0.99,0.999,1.0,0.99,1.0,NA,NA,NA,NA,,6,1146
NA,NA,NA,100.0,Config5,57.49999999999999,370,56.99999999999999,0.700929297932872,12.04,194,317,220536548479300,220536558118000,9203254.5,1.279675,10,0.01,0.3,0.0015,0.99,0.999,1.0,0.99,1.0,NA,NA,NA,NA,,5,1146
NA,NA,NA,100.0,Config4,56.00000000000001,0,46.5,0.8394688420757079,12.58,190,321,220526904722700,220526913373700,8619838.5,1.844951,12,0.01,0.3,0.0015,0.99,0.999,1.0,0.99,1.0,NA,NA,NA,NA,,4,1146
NA,NA,NA,100.0,Config3,51.5,142,48.5,0.7037886373456409,12.67,186,325,220517790123600,220517798998200,7835844.5,1.704167,14,0.01,0.3,0.0015,0.99,0.999,1.0,0.99,1.0,NA,NA,NA,NA,,3,1146
NA,NA,NA,25.0,Config6,56.00000000000001,170,47.5,0.676586230071839,12.44,96,415,217075983279900,217075988668800,5822992.0,1.038826,12,0.01,0.3,0.0015,0.99,0.999,1.0,0.99,1.0,NA,NA,NA,NA,,6,830
NA,NA,NA,25.0,Config3,59.0,361,54.0,0.663781339586358,12.57,82,429,217055321492900,217055327348400,6127086.0,1.734391,20,0.01,0.3,0.0015,0.99,0.999,1.0,0.99,1.0,NA,NA,NA,NA,,3,830
NA,NA,NA,25.0,Config5,60.0,340,48.0,0.5556106881966004,12.73,90,421,217068991071500,217068996680000,6110765.0,0.939844,14,0.01,0.3,0.0015,0.99,0.999,1.0,0.99,1.0,NA,NA,NA,NA,,5,830
NA,NA,NA,25.0,Config4,56.00000000000001,200,48.0,0.8168481630521098,12.26,86,425,217062006314000,217062011928000,5610121.5,1.855719,16,0.01,0.3,0.0015,0.99,0.999,1.0,0.99,1.0,NA,NA,NA,NA,,4,830
NA,NA,NA,25.0,Config6,56.99999999999999,36,51.5,0.6276603902779379,12.01,112,399,217103813148300,217103819110000,5662448.5,1.067045,12,0.01,0.3,0.0015,0.99,0.999,1.0,0.99,1.0,NA,NA,NA,NA,,6,830
NA,NA,NA,25.0,Config3,56.49999999999999,80,46.0,0.8120168803400645,12.48,100,411,217083377540600,217083383924000,6693860.5,1.40395,20,0.01,0.3,0.0015,0.99,0.999,1.0,0.99,1.0,NA,NA,NA,NA,,3,830
NA,NA,NA,25.0,Config5,61.5,202,54.0,0.6456494675467828,12.42,108,403,217096957571100,217096963703400,5893960.5,1.445209,14,0.01,0.3,0.0015,0.99,0.999,1.0,0.99,1.0,NA,NA,NA,NA,,5,830
NA,NA,NA,25.0,Config4,59.0,34,52.5,0.6213230971076125,12.86,104,407,217090108027000,217090113788900,5612030.5,1.253957,16,0.01,0.3,0.0015,0.99,0.999,1.0,0.99,1.0,NA,NA,NA,NA,,4,830
NA,NA,NA,25.0,Config6,59.5,143,49.0,0.6139165690056152,12.51,128,383,217132065827100,217132071675000,5627665.5,1.444685,12,0.01,0.3,0.0015,0.99,0.999,1.0,0.99,1.0,NA,NA,NA,NA,,6,830
NA,NA,NA,25.0,Config3,56.99999999999999,32,54.0,0.6433462843775279,12.49,116,395,217111142262300,217111151612700,6391114.0,1.341071,20,0.01,0.3,0.0015,0.99,0.999,1.0,0.99,1.0,NA,NA,NA,NA,,3,830
NA,NA,NA,25.0,Config5,59.0,0,47.0,0.6692171593273681,12.71,124,387,217125343901500,217125350204600,5790636.5,1.219194,14,0.01,0.3,0.0015,0.99,0.999,1.0,0.99,1.0,NA,NA,NA,NA,,5,830
NA,NA,NA,25.0,Config4,59.0,159,46.5,0.6535126659850954,12.26,120,391,217118462752000,217118468027800,6266798.5,1.715784,16,0.01,0.3,0.0015,0.99,0.999,1.0,0.99,1.0,NA,NA,NA,NA,,4,830
NA,NA,NA,50.0,Config6,54.0,171,42.5,0.7452726979076022,12.46,98,413,218069784128200,218069790927700,6485450.5,1.491523,10,0.01,0.3,0.0015,0.99,0.999,1.0,0.99,1.0,NA,NA,NA,NA,,6,924
NA,NA,NA,50.0,Config5,57.49999999999999,10,48.5,0.573362916820895,12.62,94,417,218062618325100,218062625059500,6384258.5,1.428104,12,0.01,0.3,0.0015,0.99,0.999,1.0,0.99,1.0,NA,NA,NA,NA,,5,924
NA,NA,NA,50.0,Config4,54.50000000000001,386,51.5,0.7166316098692046,12.59,88,423,218055644616000,218055650699700,6356527.5,1.338712,14,0.01,0.3,0.0015,0.99,0.999,1.0,0.99,1.0,NA,NA,NA,NA,,4,924
NA,NA,NA,50.0,Config3,57.99999999999999,319,54.0,0.6901447005673788,12.41,84,427,218048655537300,218048661221700,5729430.5,1.554307,16,0.01,0.3,0.0015,0.99,0.999,1.0,0.99,1.0,NA,NA,NA,NA,,3,924
NA,NA,NA,50.0,Config6,55.50000000000001,122,51.0,0.6461759268057437,12.25,114,397,218097938687900,218097944673100,6700984.5,1.288099,10,0.01,0.3,0.0015,0.99,0.999,1.0,0.99,1.0,NA,NA,NA,NA,,6,924
NA,NA,NA,50.0,Config5,62.0,394,55.50000000000001,0.5998455855183963,12.43,110,401,218090651238000,218090657871400,6620172.5,1.208021,12,0.01,0.3,0.0015,0.99,0.999,1.0,0.99,1.0,NA,NA,NA,NA,,5,924
NA,NA,NA,50.0,Config4,53.5,207,47.5,0.6811203916436088,11.92,106,405,218083438087900,218083444446900,6167924.0,1.442263,14,0.01,0.3,0.0015,0.99,0.999,1.0,0.99,1.0,NA,NA,NA,NA,,4,924
NA,NA,NA,50.0,Config3,55.00000000000001,272,49.5,0.6019474553020595,12.48,102,409,218076548336400,218076553656600,5765687.0,1.401482,16,0.01,0.3,0.0015,0.99,0.999,1.0,0.99,1.0,NA,NA,NA,NA,,3,924
NA,NA,NA,50.0,Config6,61.0,18,50.0,0.6335833955685568,12.39,132,379,218125246643900,218125252511200,6074430.0,1.169323,10,0.01,0.3,0.0015,0.99,0.999,1.0,0.99,1.0,NA,NA,NA,NA,,6,924
NA,NA,NA,50.0,Config5,59.5,281,50.5,0.7566912831766305,12.28,126,385,218118489602600,218118496156500,6465335.0,1.952559,12,0.01,0.3,0.0015,0.99,0.999,1.0,0.99,1.0,NA,NA,NA,NA,,5,924
NA,NA,NA,50.0,Config4,56.49999999999999,37,52.5,0.6377250587413439,12.56,122,389,218111549812500,218111555913100,6149940.0,1.406603,14,0.01,0.3,0.0015,0.99,0.999,1.0,0.99,1.0,NA,NA,NA,NA,,4,924
NA,NA,NA,50.0,Config3,59.5,269,54.0,0.5741452163058439,12.23,118,393,218104781752400,218104787321300,5908035.5,1.158736,16,0.01,0.3,0.0015,0.99,0.999,1.0,0.99,1.0,NA,NA,NA,NA,,3,924
NA,NA,NA,75.0,Config6,59.0,111,48.0,0.6874021665234706,12.1,118,393,219194765064100,219194771075300,7683691.0,1.486885,8,0.01,0.3,0.0015,0.99,0.999,1.0,0.99,1.0,NA,NA,NA,NA,,6,1020
NA,NA,NA,75.0,Config5,56.49999999999999,184,54.50000000000001,0.584801610687331,12.35,112,399,219186191367900,219186199874300,7499311.5,0.807847,10,0.01,0.3,0.0015,0.99,0.999,1.0,0.99,1.0,NA,NA,NA,NA,,5,1020
NA,NA,NA,75.0,Config4,53.5,204,47.0,0.7336395398298076,12.51,108,403,219177964858700,219177971803400,7290386.0,1.668916,12,0.01,0.3,0.0015,0.99,0.999,1.0,0.99,1.0,NA,NA,NA,NA,,4,1020
NA,NA,NA,75.0,Config3,60.5,99,49.5,0.7092316041238409,12.57,104,407,219170089177400,219170099502000,8607012.0,1.507752,16,0.01,0.3,0.0015,0.99,0.999,1.0,0.99,1.0,NA,NA,NA,NA,,3,1020
NA,NA,NA,75.0,Config6,55.50000000000001,386,52.5,0.700521077605681,11.94,134,377,219228120134700,219228128346000,7695505.0,1.932407,8,0.01,0.3,0.0015,0.99,0.999,1.0,0.99,1.0,NA,NA,NA,NA,,6,1020
NA,NA,NA,75.0,Config5,55.50000000000001,200,42.0,0.7689332651302674,12.8,130,381,219219462500400,219219470822900,8094367.0,1.548405,10,0.01,0.3,0.0015,0.99,0.999,1.0,0.99,1.0,NA,NA,NA,NA,,5,1020
NA,NA,NA,75.0,Config4,60.5,215,51.5,0.7453838291746239,12.4,126,385,219210790491100,219210798954300,7575854.0,1.604928,12,0.01,0.3,0.0015,0.99,0.999,1.0,0.99,1.0,NA,NA,NA,NA,,4,1020
NA,NA,NA,75.0,Config3,59.5,45,51.5,0.7953284693434352,12.45,122,389,219202767020600,219202774550000,7748923.5,1.808142,16,0.01,0.3,0.0015,0.99,0.999,1.0,0.99,1.0,NA,NA,NA,NA,,3,1020
NA,NA,NA,75.0,Config6,56.99999999999999,399,56.99999999999999,0.6075124464503088,11.79,152,359,219267907200100,219267914574400,6938081.5,1.233912,8,0.01,0.3,0.0015,0.99,0.999,1.0,0.99,1.0,NA,NA,NA,NA,,6,1020
NA,NA,NA,75.0,Config5,57.99999999999999,39,51.5,0.7059347040507555,11.72,148,363,219259270865500,219259278002900,9000094.0,1.269886,10,0.01,0.3,0.0015,0.99,0.999,1.0,0.99,1.0,NA,NA,NA,NA,,5,1020
NA,NA,NA,75.0,Config4,56.99999999999999,285,50.5,0.7450218168865966,11.76,144,367,219248849120000,219248857960600,10460893.5,1.689557,12,0.01,0.3,0.0015,0.99,0.999,1.0,0.99,1.0,NA,NA,NA,NA,,4,1020
NA,NA,NA,75.0,Config3,56.00000000000001,243,46.0,0.718519060870472,12.55,140,371,219237241071600,219237250565600,8828822.5,1.547168,16,0.01,0.3,0.0015,0.99,0.999,1.0,0.99,1.0,NA,NA,NA,NA,,3,1020
22,2,22N-5N-5N-5N-5N-5N-5N-5N-2N-22N-5N-5N-5N-5N-5N-5N-5N-2N,25.0,Config6,62.0,24,49.0,0.5738108686574094,12.48,40,471,114289891422300,114289896231900,4898500.0,1.163784,10,0.01,0.3,0.0015,0.99,0.999,1.0,0.99,1.0,18,118,"[22, 5, 5, 5, 5, 5, 5, 5, 2, 22, 5, 5, 5, 5, 5, 5, 5, 2]",22n-5n-5n-5n-5n-5n-5n-5n-2o,,682,718
22,2,22N-6N-6N-6N-6N-6N-6N-6N-2N,25.0,Config6,56.49999999999999,186,47.5,0.6754966387614985,12.51,40,471,135188110036000,135188116948600,7441021.5,1.02045,12,0.01,0.3,0.0015,0.99,0.999,1.0,0.99,1.0,9,66,"[22, 6, 6, 6, 6, 6, 6, 6, 2]",22n-6n-6n-6n-6n-6n-6n-6n-2o,,784,718
22,2,22N-6N-6N-6N-6N-6N-6N-2N-22N-6N-6N-6N-6N-6N-6N-2N-22N-6N-6N-6N-6N-6N-6N-2N-22N-6N-6N-6N-6N-6N-6N-2N,25.0,Config5,60.5,81,54.50000000000001,0.550067325343484,12.45,36,475,114283822663200,114283827715700,5308333.5,1.13324,12,0.01,0.3,0.0015,0.99,0.999,1.0,0.99,1.0,32,240,"[22, 6, 6, 6, 6, 6, 6, 2, 22, 6, 6, 6, 6, 6, 6, 2, 22, 6, 6, 6, 6, 6, 6, 2, 22, 6, 6, 6, 6, 6, 6, 2]",22n-6n-6n-6n-6n-6n-6n-2o,,686,718
22,2,22N-7N-7N-7N-7N-7N-2N-22N-7N-7N-7N-7N-7N-2N-22N-7N-7N-7N-7N-7N-2N-22N-7N-7N-7N-7N-7N-2N,25.0,Config4,58.5,202,50.5,0.7036930560549963,12.22,32,479,114277240108400,114277245408700,5906997.0,1.493072,14,0.01,0.3,0.0015,0.99,0.999,1.0,0.99,1.0,28,236,"[22, 7, 7, 7, 7, 7, 2, 22, 7, 7, 7, 7, 7, 2, 22, 7, 7, 7, 7, 7, 2, 22, 7, 7, 7, 7, 7, 2]",22n-7n-7n-7n-7n-7n-2o,,688,718
22,2,22N-8N-8N-8N-8N-2N-22N-8N-8N-8N-8N-2N,25.0,Config3,54.0,169,52.0,0.5823084033346683,12.09,28,483,135167468194100,135167474667300,6319540.5,1.326833,16,0.01,0.3,0.0015,0.99,0.999,1.0,0.99,1.0,12,112,"[22, 8, 8, 8, 8, 2, 22, 8, 8, 8, 8, 2]",22n-8n-8n-8n-8n-2o,,682,718
22,2,22N-9N-9N-9N-9N-2N-22N-9N-9N-9N-9N-2N,25.0,Config3,56.49999999999999,8,49.5,0.6680323501737405,12.81,28,483,114270472823600,114270480557500,6391168.5,1.424542,18,0.01,0.3,0.0015,0.99,0.999,1.0,0.99,1.0,12,120,"[22, 9, 9, 9, 9, 2, 22, 9, 9, 9, 9, 2]",22n-9n-9n-9n-9n-2o,,754,718
22,2,22N-10N-10N-10N-2N-22N-10N-10N-10N-2N-22N-10N-10N-10N-2N,25.0,Config2,56.99999999999999,12,50.0,0.6241632550486826,12.76,24,487,114263581935100,114263586994800,5223430.0,1.424315,20,0.01,0.3,0.0015,0.99,0.999,1.0,0.99,1.0,15,162,"[22, 10, 10, 10, 2, 22, 10, 10, 10, 2, 22, 10, 10, 10, 2]",22n-10n-10n-10n-2o,,696,718
22,2,22N-11N-11N-11N-2N,25.0,Config2,57.49999999999999,144,55.50000000000001,0.5383727134376961,11.74,33,478,90037556671400,90037562337400,6180007.5,1.386866,22,0.01,0.3,0.0015,0.99,0.999,1.0,0.99,1.0,5,57,"[22, 11, 11, 11, 2]",22n-11n-11n-11n-2o,,754,718
22,2,22N-14N-14N-2N-22N-14N-14N-2N-22N-14N-14N-2N-22N-14N-14N-2N,25.0,Config1,57.49999999999999,132,50.0,0.6723407351291474,12.66,21,490,114257246056600,114257251445300,5606149.0,1.310352,28,0.01,0.3,0.0015,0.99,0.999,1.0,0.99,1.0,16,208,"[22, 14, 14, 2, 22, 14, 14, 2, 22, 14, 14, 2, 22, 14, 14, 2]",22n-14n-14n-2o,,697,718
22,2,22N-5N-5N-5N-5N-5N-5N-5N-2N,25.0,Config6,56.49999999999999,194,54.50000000000001,0.5984353049278819,12.49,64,447,114328119145200,114328124158300,4869510.5,1.652484,10,0.01,0.3,0.0015,0.99,0.999,1.0,0.99,1.0,9,59,"[22, 5, 5, 5, 5, 5, 5, 5, 2]",22n-5n-5n-5n-5n-5n-5n-5n-2o,,651,718
22,2,22N-6N-6N-6N-6N-6N-6N-6N-2N,25.0,Config6,56.49999999999999,112,52.5,0.612774082191205,12.43,64,447,135228432938200,135228441186800,7976520.5,1.372168,12,0.01,0.3,0.0015,0.99,0.999,1.0,0.99,1.0,9,66,"[22, 6, 6, 6, 6, 6, 6, 6, 2]",22n-6n-6n-6n-6n-6n-6n-6n-2o,,775,718
22,2,22N-6N-6N-6N-6N-6N-6N-2N-22N-6N-6N-6N-6N-6N-6N-2N-22N-6N-6N-6N-6N-6N-6N-2N-22N-6N-6N-6N-6N-6N-6N-2N,25.0,Config5,58.5,219,52.0,0.6563106239908245,12.58,58,453,114321956043700,114321962626600,5998114.0,1.598691,12,0.01,0.3,0.0015,0.99,0.999,1.0,0.99,1.0,32,240,"[22, 6, 6, 6, 6, 6, 6, 2, 22, 6, 6, 6, 6, 6, 6, 2, 22, 6, 6, 6, 6, 6, 6, 2, 22, 6, 6, 6, 6, 6, 6, 2]",22n-6n-6n-6n-6n-6n-6n-2o,,702,718
22,2,22N-7N-7N-7N-7N-7N-2N-22N-7N-7N-7N-7N-7N-2N-22N-7N-7N-7N-7N-7N-2N-22N-7N-7N-7N-7N-7N-2N,25.0,Config4,60.0,644,53.5,0.6746956566694522,11.89,54,457,114315179795100,114315184877500,6017417.0,1.679734,14,0.01,0.3,0.0015,0.99,0.999,1.0,0.99,1.0,28,236,"[22, 7, 7, 7, 7, 7, 2, 22, 7, 7, 7, 7, 7, 2, 22, 7, 7, 7, 7, 7, 2, 22, 7, 7, 7, 7, 7, 2]",22n-7n-7n-7n-7n-7n-2o,,705,718
22,2,22N-8N-8N-8N-8N-2N-22N-8N-8N-8N-8N-2N-22N-8N-8N-8N-8N-2N-22N-8N-8N-8N-8N-2N,25.0,Config3,61.0,98,49.5,0.66351770031805,12.43,50,461,114308379209200,114308384273500,4990047.0,1.213502,16,0.01,0.3,0.0015,0.99,0.999,1.0,0.99,1.0,24,224,"[22, 8, 8, 8, 8, 2, 22, 8, 8, 8, 8, 2, 22, 8, 8, 8, 8, 2, 22, 8, 8, 8, 8, 2]",22n-8n-8n-8n-8n-2o,,686,718
22,2,22N-10N-10N-10N-2N-22N-10N-10N-10N-2N,25.0,Config2,58.5,192,51.0,0.617622809616735,12.41,46,465,114302284965200,114302289632100,5157666.5,1.29712,20,0.01,0.3,0.0015,0.99,0.999,1.0,0.99,1.0,10,108,"[22, 10, 10, 10, 2, 22, 10, 10, 10, 2]",22n-10n-10n-10n-2o,,703,718
22,2,22N-11N-11N-11N-2N-22N-11N-11N-11N-2N,25.0,Config2,61.0,112,46.0,0.7753763412163253,12.4,57,454,131065402932100,131065409220200,6639773.5,1.807602,22,0.01,0.3,0.0015,0.99,0.999,1.0,0.99,1.0,10,114,"[22, 11, 11, 11, 2, 22, 11, 11, 11, 2]",22n-11n-11n-11n-2o,,747,718
22,2,22N-14N-14N-2N-22N-14N-14N-2N-22N-14N-14N-2N-22N-14N-14N-2N,25.0,Config1,58.5,532,49.5,0.6272746480810308,12.56,44,467,114296046785700,114296051662900,5257362.0,1.303356,28,0.01,0.3,0.0015,0.99,0.999,1.0,0.99,1.0,16,208,"[22, 14, 14, 2, 22, 14, 14, 2, 22, 14, 14, 2, 22, 14, 14, 2]",22n-14n-14n-2o,,708,718
22,2,22N-5N-5N-5N-5N-5N-5N-5N-2N,25.0,Config6,53.0,82,49.0,0.6327585817872854,12.19,85,426,114365351416600,114365356273500,5132893.5,1.369906,10,0.01,0.3,0.0015,0.99,0.999,1.0,0.99,1.0,9,59,"[22, 5, 5, 5, 5, 5, 5, 5, 2]",22n-5n-5n-5n-5n-5n-5n-5n-2o,,658,718
22,2,22N-6N-6N-6N-6N-6N-6N-6N-2N,25.0,Config6,63.5,38,58.5,0.572374102191897,11.7,85,426,135269408750300,135269416043200,7686722.5,1.160806,12,0.01,0.3,0.0015,0.99,0.999,1.0,0.99,1.0,9,66,"[22, 6, 6, 6, 6, 6, 6, 6, 2]",22n-6n-6n-6n-6n-6n-6n-6n-2o,,789,718
22,2,22N-6N-6N-6N-6N-6N-6N-2N-22N-6N-6N-6N-6N-6N-6N-2N-22N-6N-6N-6N-6N-6N-6N-2N-22N-6N-6N-6N-6N-6N-6N-2N,25.0,Config5,60.0,596,50.0,0.690172891010241,12.21,81,430,114359211253900,114359216399100,5425650.5,1.40083,12,0.01,0.3,0.0015,0.99,0.999,1.0,0.99,1.0,32,240,"[22, 6, 6, 6, 6, 6, 6, 2, 22, 6, 6, 6, 6, 6, 6, 2, 22, 6, 6, 6, 6, 6, 6, 2, 22, 6, 6, 6, 6, 6, 6, 2]",22n-6n-6n-6n-6n-6n-6n-2o,,705,718
22,2,22N-7N-7N-7N-7N-7N-2N-22N-7N-7N-7N-7N-7N-2N-22N-7N-7N-7N-7N-7N-2N-22N-7N-7N-7N-7N-7N-2N,25.0,Config4,55.50000000000001,213,50.5,0.6358675403786621,12.73,77,434,114352962530300,114352967679900,5533259.5,1.055841,14,0.01,0.3,0.0015,0.99,0.999,1.0,0.99,1.0,28,236,"[22, 7, 7, 7, 7, 7, 2, 22, 7, 7, 7, 7, 7, 2, 22, 7, 7, 7, 7, 7, 2, 22, 7, 7, 7, 7, 7, 2]",22n-7n-7n-7n-7n-7n-2o,,685,718
22,2,22N-8N-8N-8N-8N-2N-22N-8N-8N-8N-8N-2N-22N-8N-8N-8N-8N-2N,25.0,Config3,56.99999999999999,187,46.0,0.672921943425835,12.29,73,438,114346668363600,114346673697500,5183410.0,1.188082,16,0.01,0.3,0.0015,0.99,0.999,1.0,0.99,1.0,18,168,"[22, 8, 8, 8, 8, 2, 22, 8, 8, 8, 8, 2, 22, 8, 8, 8, 8, 2]",22n-8n-8n-8n-8n-2o,,683,718
22,2,22N-9N-9N-9N-9N-2N,25.0,Config3,54.0,147,48.5,0.706351874738304,12.46,86,425,90104670003500,90104676793900,6535275.5,1.538302,18,0.01,0.3,0.0015,0.99,0.999,1.0,0.99,1.0,6,60,"[22, 9, 9, 9, 9, 2]",22n-9n-9n-9n-9n-2o,,752,718
22,2,22N-10N-10N-10N-2N-22N-10N-10N-10N-2N-22N-10N-10N-10N-2N-22N-10N-10N-10N-2N,25.0,Config2,58.5,32,44.0,0.6086170197098743,12.08,69,442,114340517064400,114340522085600,5177678.5,1.346319,20,0.01,0.3,0.0015,0.99,0.999,1.0,0.99,1.0,20,216,"[22, 10, 10, 10, 2, 22, 10, 10, 10, 2, 22, 10, 10, 10, 2, 22, 10, 10, 10, 2]",22n-10n-10n-10n-2o,,689,718
22,2,22N-14N-14N-2N-22N-14N-14N-2N-22N-14N-14N-2N-22N-14N-14N-2N,25.0,Config1,61.0,522,49.5,0.6909829214792319,12.35,66,445,114334356018000,114334360859500,5277652.5,1.448286,28,0.01,0.3,0.0015,0.99,0.999,1.0,0.99,1.0,16,208,"[22, 14, 14, 2, 22, 14, 14, 2, 22, 14, 14, 2, 22, 14, 14, 2]",22n-14n-14n-2o,,702,718
NA,NA,NA,0.0,Config6,59.5,192,43.0,0.5492131976969522,12.59,63,448,215136677851100,215136683008800,5107096.0,0.848713,16,0.01,0.3,0.0015,0.99,0.999,1.0,0.99,1.0,NA,NA,NA,NA,,6,718
NA,NA,NA,0.0,Config4,57.99999999999999,257,49.0,0.5637234374235538,12.48,55,456,215122552495100,215122557723600,5669544.0,1.269514,20,0.01,0.3,0.0015,0.99,0.999,1.0,0.99,1.0,NA,NA,NA,NA,,4,718
NA,NA,NA,0.0,Config3,61.0,211,49.5,0.6708322447448032,12.81,51,460,215115203591200,215115208564100,5047721.0,1.221409,22,0.01,0.3,0.0015,0.99,0.999,1.0,0.99,1.0,NA,NA,NA,NA,,3,718
NA,NA,NA,0.0,Config5,57.99999999999999,266,51.5,0.6542063233245392,12.54,59,452,215129731560300,215129736837900,5467296.5,0.925509,18,0.01,0.3,0.0015,0.99,0.999,1.0,0.99,1.0,NA,NA,NA,NA,,5,718
NA,NA,NA,0.0,Config6,60.5,154,45.5,0.5108322416251757,12.2,81,430,215164539678000,215164546197100,5323997.5,1.183183,16,0.01,0.3,0.0015,0.99,0.999,1.0,0.99,1.0,NA,NA,NA,NA,,6,718
NA,NA,NA,0.0,Config4,55.00000000000001,311,48.5,0.5681698328983721,12.65,71,440,215150351620300,215150356976200,5314927.0,1.160985,20,0.01,0.3,0.0015,0.99,0.999,1.0,0.99,1.0,NA,NA,NA,NA,,4,718
NA,NA,NA,0.0,Config3,55.50000000000001,316,51.5,0.6934476692514153,12.56,67,444,215143409978900,215143415008600,4967802.0,1.195762,22,0.01,0.3,0.0015,0.99,0.999,1.0,0.99,1.0,NA,NA,NA,NA,,3,718
NA,NA,NA,0.0,Config5,60.5,100,57.99999999999999,0.5179022770098006,12.29,77,434,215157353136200,215157358175600,5336594.5,0.963302,18,0.01,0.3,0.0015,0.99,0.999,1.0,0.99,1.0,NA,NA,NA,NA,,5,718
NA,NA,NA,0.0,Config6,57.49999999999999,194,52.5,0.5173755595987185,12.5,17,494,215193327831800,215193333384100,5004489.5,0.965264,16,0.01,0.3,0.0015,0.99,0.999,1.0,0.99,1.0,NA,NA,NA,NA,,6,718
NA,NA,NA,0.0,Config4,58.5,133,48.5,0.6797175264159475,11.96,9,502,215179438260800,215179444391200,5995522.5,1.25621,20,0.01,0.3,0.0015,0.99,0.999,1.0,0.99,1.0,NA,NA,NA,NA,,4,718
NA,NA,NA,0.0,Config3,55.00000000000001,5,44.0,0.665052351221225,12.54,5,506,215171728298300,215171733132200,5446116.5,1.061976,22,0.01,0.3,0.0015,0.99,0.999,1.0,0.99,1.0,NA,NA,NA,NA,,3,718
NA,NA,NA,0.0,Config5,57.49999999999999,345,53.5,0.5687549491430058,12.44,13,498,215186510755900,215186516120300,5376281.0,1.006343,18,0.01,0.3,0.0015,0.99,0.999,1.0,0.99,1.0,NA,NA,NA,NA,,5,718
NA,NA,NA,10.0,Config6,55.00000000000001,324,48.5,0.6467415686345366,12.45,108,403,216186226769100,216186232316100,5511166.0,0.944117,14,0.01,0.3,0.0015,0.99,0.999,1.0,0.99,1.0,NA,NA,NA,NA,,6,762
NA,NA,NA,10.0,Config3,57.49999999999999,121,47.0,0.6339579789810652,11.78,94,417,216164958920300,216164964399700,5227828.5,1.297614,20,0.01,0.3,0.0015,0.99,0.999,1.0,0.99,1.0,NA,NA,NA,NA,,3,762
NA,NA,NA,10.0,Config5,57.99999999999999,87,46.0,0.6795601854530223,12.41,102,409,216179242033000,216179247660500,5386827.5,1.351296,16,0.01,0.3,0.0015,0.99,0.999,1.0,0.99,1.0,NA,NA,NA,NA,,5,762
NA,NA,NA,10.0,Config4,55.50000000000001,170,52.5,0.5384344293085896,12.58,98,413,216172349756400,216172355473900,5953253.0,1.014381,18,0.01,0.3,0.0015,0.99,0.999,1.0,0.99,1.0,NA,NA,NA,NA,,4,762
NA,NA,NA,10.0,Config6,56.00000000000001,213,47.5,0.6187957457743225,11.86,124,387,216213105973800,216213111043900,5107227.5,1.077847,14,0.01,0.3,0.0015,0.99,0.999,1.0,0.99,1.0,NA,NA,NA,NA,,6,762
NA,NA,NA,10.0,Config3,60.0,230,55.50000000000001,0.6339047616066874,12.49,110,401,216192782907600,216192787884400,4900952.5,1.483745,20,0.01,0.3,0.0015,0.99,0.999,1.0,0.99,1.0,NA,NA,NA,NA,,3,762
NA,NA,NA,10.0,Config5,56.49999999999999,317,49.0,0.5674753021797635,12.67,120,391,216206471142600,216206476603000,5467447.0,1.330243,16,0.01,0.3,0.0015,0.99,0.999,1.0,0.99,1.0,NA,NA,NA,NA,,5,762
NA,NA,NA,10.0,Config4,54.0,222,43.5,0.6496907639673701,12.41,114,397,216199589679700,216199595729600,5315853.5,1.482934,18,0.01,0.3,0.0015,0.99,0.999,1.0,0.99,1.0,NA,NA,NA,NA,,4,762
NA,NA,NA,10.0,Config6,58.5,375,52.0,0.5814785477014175,12.52,140,371,216240155189300,216240160361000,5282582.0,0.904314,14,0.01,0.3,0.0015,0.99,0.999,1.0,0.99,1.0,NA,NA,NA,NA,,6,762
NA,NA,NA,10.0,Config3,59.0,89,49.5,0.6168135520768735,12.35,128,383,216219685404700,216219692053000,5070547.0,1.435111,20,0.01,0.3,0.0015,0.99,0.999,1.0,0.99,1.0,NA,NA,NA,NA,,3,762
NA,NA,NA,10.0,Config5,59.5,348,52.5,0.5503316079485465,12.4,136,375,216233413121100,216233418201100,5250044.5,1.197456,16,0.01,0.3,0.0015,0.99,0.999,1.0,0.99,1.0,NA,NA,NA,NA,,5,762
NA,NA,NA,10.0,Config4,56.49999999999999,124,53.5,0.5809866179528528,12.52,132,379,216226737559300,216226742644300,5741159.5,1.150289,18,0.01,0.3,0.0015,0.99,0.999,1.0,0.99,1.0,NA,NA,NA,NA,,4,762
NA,NA,NA,100.0,Config6,56.00000000000001,157,48.0,0.707904163553821,12.73,217,294,220583674334300,220583681642200,8107372.5,1.246727,8,0.01,0.3,0.0015,0.99,0.999,1.0,0.99,1.0,NA,NA,NA,NA,,6,1146
NA,NA,NA,100.0,Config5,56.99999999999999,14,45.0,0.7195663198011486,12.59,212,299,220574734685100,220574744080600,9498578.5,1.534683,10,0.01,0.3,0.0015,0.99,0.999,1.0,0.99,1.0,NA,NA,NA,NA,,5,1146
NA,NA,NA,100.0,Config4,57.99999999999999,196,50.0,0.6023505820805449,11.97,208,303,220564814174100,220564822919100,8859633.5,0.909837,12,0.01,0.3,0.0015,0.99,0.999,1.0,0.99,1.0,NA,NA,NA,NA,,4,1146
NA,NA,NA,100.0,Config3,61.0,178,44.5,0.8558694357279701,12.43,204,307,220555317579800,220555326182400,8198880.0,1.658222,14,0.01,0.3,0.0015,0.99,0.999,1.0,0.99,1.0,NA,NA,NA,NA,,3,1146
NA,NA,NA,100.0,Config6,55.00000000000001,39,50.0,0.741267209322944,11.68,234,277,220620734902700,220620743627800,8817760.0,1.787222,8,0.01,0.3,0.0015,0.99,0.999,1.0,0.99,1.0,NA,NA,NA,NA,,6,1146
NA,NA,NA,100.0,Config5,56.99999999999999,280,54.0,0.6895260042948501,11.89,230,281,220611267634900,220611275881100,9055877.5,2.062108,10,0.01,0.3,0.0015,0.99,0.999,1.0,0.99,1.0,NA,NA,NA,NA,,5,1146
NA,NA,NA,100.0,Config4,60.5,80,50.5,0.7528078861679762,12.62,226,285,220601907610800,220601916609500,8863757.5,1.570194,12,0.01,0.3,0.0015,0.99,0.999,1.0,0.99,1.0,NA,NA,NA,NA,,4,1146
NA,NA,NA,100.0,Config3,59.5,270,54.50000000000001,0.6502626060226272,12.66,222,289,220592547972500,220592556200900,7762951.5,1.639982,14,0.01,0.3,0.0015,0.99,0.999,1.0,0.99,1.0,NA,NA,NA,NA,,3,1146
NA,NA,NA,100.0,Config6,55.50000000000001,368,49.5,0.6229459742066248,12.39,252,259,220657603103000,220657611714300,8627803.0,1.158746,8,0.01,0.3,0.0015,0.99,0.999,1.0,0.99,1.0,NA,NA,NA,NA,,6,1146
NA,NA,NA,100.0,Config5,56.49999999999999,98,50.5,0.7030478027807189,12.03,248,263,220648376586100,220648384925500,9158307.5,1.785552,10,0.01,0.3,0.0015,0.99,0.999,1.0,0.99,1.0,NA,NA,NA,NA,,5,1146
NA,NA,NA,100.0,Config4,56.99999999999999,303,54.0,0.6658054640647403,12.33,244,267,220638993487300,220639002299700,9377525.0,1.234843,12,0.01,0.3,0.0015,0.99,0.999,1.0,0.99,1.0,NA,NA,NA,NA,,4,1146
NA,NA,NA,100.0,Config3,57.99999999999999,221,45.5,0.7607570354544937,12.69,240,271,220629257587700,220629264769700,7479026.0,1.507802,14,0.01,0.3,0.0015,0.99,0.999,1.0,0.99,1.0,NA,NA,NA,NA,,3,1146
NA,NA,NA,25.0,Config6,56.99999999999999,132,49.0,0.6585060962869481,12.51,146,365,217159316672100,217159321937500,5363039.5,1.251751,12,0.01,0.3,0.0015,0.99,0.999,1.0,0.99,1.0,NA,NA,NA,NA,,6,830
NA,NA,NA,25.0,Config3,55.50000000000001,16,49.0,0.7792725717725816,12.62,132,379,217138932569000,217138938662100,6011315.0,1.637948,20,0.01,0.3,0.0015,0.99,0.999,1.0,0.99,1.0,NA,NA,NA,NA,,3,830
NA,NA,NA,25.0,Config5,60.5,39,44.5,0.6147037071991914,12.12,140,371,217152743178500,217152748549900,5646583.5,1.102712,14,0.01,0.3,0.0015,0.99,0.999,1.0,0.99,1.0,NA,NA,NA,NA,,5,830
NA,NA,NA,25.0,Config4,56.99999999999999,321,45.0,0.6644826600468486,12.54,136,375,217145965420800,217145971944900,5909092.5,1.59654,16,0.01,0.3,0.0015,0.99,0.999,1.0,0.99,1.0,NA,NA,NA,NA,,4,830
NA,NA,NA,25.0,Config6,58.5,338,49.0,0.7004204943303547,12.4,162,349,217186475322800,217186480686800,5434173.5,0.968685,12,0.01,0.3,0.0015,0.99,0.999,1.0,0.99,1.0,NA,NA,NA,NA,,6,830
NA,NA,NA,25.0,Config3,55.00000000000001,296,53.0,0.6931411482476861,12.44,150,361,217166100935800,217166106849200,5974354.5,1.753803,20,0.01,0.3,0.0015,0.99,0.999,1.0,0.99,1.0,NA,NA,NA,NA,,3,830
NA,NA,NA,25.0,Config5,57.49999999999999,289,50.0,0.6683391666287267,12.47,158,353,217179830049000,217179835479200,5703259.5,1.454265,14,0.01,0.3,0.0015,0.99,0.999,1.0,0.99,1.0,NA,NA,NA,NA,,5,830
NA,NA,NA,25.0,Config4,56.99999999999999,12,51.0,0.6915502569019034,12.42,154,357,217173045376500,217173051046500,5926942.5,1.327869,16,0.01,0.3,0.0015,0.99,0.999,1.0,0.99,1.0,NA,NA,NA,NA,,4,830
NA,NA,NA,25.0,Config6,59.0,30,44.0,0.6367899230520654,12.58,178,333,217213960160800,217213965940100,5918302.5,1.14818,12,0.01,0.3,0.0015,0.99,0.999,1.0,0.99,1.0,NA,NA,NA,NA,,6,830
NA,NA,NA,25.0,Config3,55.00000000000001,112,47.5,0.7262335314725512,12.28,166,345,217193318383400,217193324232900,6062780.0,1.471342,20,0.01,0.3,0.0015,0.99,0.999,1.0,0.99,1.0,NA,NA,NA,NA,,3,830
NA,NA,NA,25.0,Config5,55.00000000000001,158,38.0,0.8196629236838102,12.52,174,337,217206953546900,217206959466400,5794908.0,1.385513,14,0.01,0.3,0.0015,0.99,0.999,1.0,0.99,1.0,NA,NA,NA,NA,,5,830
NA,NA,NA,25.0,Config4,55.00000000000001,202,44.5,0.8137849553283975,12.23,170,341,217200171729500,217200178184500,5926044.5,1.334487,16,0.01,0.3,0.0015,0.99,0.999,1.0,0.99,1.0,NA,NA,NA,NA,,4,830
NA,NA,NA,50.0,Config6,53.5,397,50.5,0.5866872375021296,12.72,148,363,218153013249900,218153019447700,6144771.5,1.365068,10,0.01,0.3,0.0015,0.99,0.999,1.0,0.99,1.0,NA,NA,NA,NA,,6,924
NA,NA,NA,50.0,Config5,55.50000000000001,261,51.0,0.6746128821543018,13.1,144,367,218146233516400,218146240107800,6791500.0,1.307486,12,0.01,0.3,0.0015,0.99,0.999,1.0,0.99,1.0,NA,NA,NA,NA,,5,924
NA,NA,NA,50.0,Config4,53.5,207,47.5,0.626368280646575,12.69,140,371,218139137395200,218139143718800,6901877.0,1.38858,14,0.01,0.3,0.0015,0.99,0.999,1.0,0.99,1.0,NA,NA,NA,NA,,4,924
NA,NA,NA,50.0,Config3,53.0,49,44.0,0.6693617664401704,12.42,136,375,218131809417400,218131815112900,5659975.5,1.550862,16,0.01,0.3,0.0015,0.99,0.999,1.0,0.99,1.0,NA,NA,NA,NA,,3,924
NA,NA,NA,50.0,Config6,56.49999999999999,46,48.0,0.7105850084961662,12.62,166,345,218181652750100,218181658909000,6206950.5,1.219005,10,0.01,0.3,0.0015,0.99,0.999,1.0,0.99,1.0,NA,NA,NA,NA,,6,924
NA,NA,NA,50.0,Config5,56.99999999999999,195,48.0,0.6983983288011705,12.22,160,351,218174828949400,218174835813400,7146133.0,1.306099,12,0.01,0.3,0.0015,0.99,0.999,1.0,0.99,1.0,NA,NA,NA,NA,,5,924
NA,NA,NA,50.0,Config4,57.99999999999999,30,46.5,0.7244534635363883,12.14,156,355,218167433774900,218167440236000,7649593.5,1.430951,14,0.01,0.3,0.0015,0.99,0.999,1.0,0.99,1.0,NA,NA,NA,NA,,4,924
NA,NA,NA,50.0,Config3,57.99999999999999,6,48.5,0.6900931404248568,12.63,152,359,218159624105200,218159629612300,5765614.0,1.675327,16,0.01,0.3,0.0015,0.99,0.999,1.0,0.99,1.0,NA,NA,NA,NA,,3,924
NA,NA,NA,50.0,Config6,56.49999999999999,225,45.0,0.7327373531090171,12.51,182,329,218210018335700,218210024619400,6316603.0,1.045696,10,0.01,0.3,0.0015,0.99,0.999,1.0,0.99,1.0,NA,NA,NA,NA,,6,924
NA,NA,NA,50.0,Config5,59.0,264,54.50000000000001,0.635688057494951,12.37,178,333,218203123095000,218203130745400,7778720.0,1.297629,12,0.01,0.3,0.0015,0.99,0.999,1.0,0.99,1.0,NA,NA,NA,NA,,5,924
NA,NA,NA,50.0,Config4,59.0,219,47.5,0.7712609932275588,12.67,174,337,218195337049800,218195343548800,6553911.0,1.557394,14,0.01,0.3,0.0015,0.99,0.999,1.0,0.99,1.0,NA,NA,NA,NA,,4,924
NA,NA,NA,50.0,Config3,61.0,29,50.5,0.7245433377924251,12.21,170,341,218188379290700,218188385189700,6001141.5,1.850295,16,0.01,0.3,0.0015,0.99,0.999,1.0,0.99,1.0,NA,NA,NA,NA,,3,924
NA,NA,NA,75.0,Config6,57.49999999999999,199,51.0,0.6231475886656171,12.45,172,339,219302172023000,219302179878100,7194223.5,1.655683,8,0.01,0.3,0.0015,0.99,0.999,1.0,0.99,1.0,NA,NA,NA,NA,,6,1020
NA,NA,NA,75.0,Config5,61.0,12,50.0,0.6664863621079273,12.8,164,347,219293949951600,219293957952600,7648900.5,1.418959,10,0.01,0.3,0.0015,0.99,0.999,1.0,0.99,1.0,NA,NA,NA,NA,,5,1020
NA,NA,NA,75.0,Config4,56.00000000000001,2,45.5,0.7535427798460291,12.56,160,351,219285777920200,219285785291000,7588823.5,1.813773,12,0.01,0.3,0.0015,0.99,0.999,1.0,0.99,1.0,NA,NA,NA,NA,,4,1020
NA,NA,NA,75.0,Config3,56.49999999999999,35,51.0,0.6653865019402231,12.68,166,345,183097141473900,183097148877300,7440481.5,1.562825,14,0.01,0.3,0.0015,0.99,0.999,1.0,0.99,1.0,NA,NA,NA,NA,,3,1020
NA,NA,NA,75.0,Config3,52.5,104,48.5,0.6653439704464668,12.21,156,355,219277634597900,219277644864400,9206280.5,1.253724,16,0.01,0.3,0.0015,0.99,0.999,1.0,0.99,1.0,NA,NA,NA,NA,,3,1028
NA,NA,NA,75.0,Config6,58.5,168,52.0,0.6877830932438151,12.63,190,321,219335695051300,219335701088000,6391258.5,1.282342,8,0.01,0.3,0.0015,0.99,0.999,1.0,0.99,1.0,NA,NA,NA,NA,,6,1020
NA,NA,NA,75.0,Config5,56.00000000000001,324,49.0,0.6995400418662477,12.4,184,327,219328192441600,219328198880900,7730632.5,1.332117,10,0.01,0.3,0.0015,0.99,0.999,1.0,0.99,1.0,NA,NA,NA,NA,,5,1020
NA,NA,NA,75.0,Config4,57.99999999999999,29,46.0,0.7166657575521808,12.37,180,331,219319674805500,219319682564300,8284059.0,1.538764,12,0.01,0.3,0.0015,0.99,0.999,1.0,0.99,1.0,NA,NA,NA,NA,,4,1020
NA,NA,NA,75.0,Config3,54.50000000000001,204,47.0,0.7726778854190313,12.47,176,335,219310525026500,219310532494200,8063875.5,1.787871,16,0.01,0.3,0.0015,0.99,0.999,1.0,0.99,1.0,NA,NA,NA,NA,,3,1020
NA,NA,NA,75.0,Config6,56.00000000000001,224,47.5,0.7460679083964337,12.73,208,303,219368725366700,219368731592100,6730238.0,1.814474,8,0.01,0.3,0.0015,0.99,0.999,1.0,0.99,1.0,NA,NA,NA,NA,,6,1020
NA,NA,NA,75.0,Config5,60.0,18,52.0,0.7287278286889939,11.56,204,307,219360849239200,219360858688100,8010134.5,1.762052,10,0.01,0.3,0.0015,0.99,0.999,1.0,0.99,1.0,NA,NA,NA,NA,,5,1020
NA,NA,NA,75.0,Config4,60.0,142,52.0,0.6893988176708058,12.59,200,311,219351953412600,219351960390400,7575574.0,1.394425,12,0.01,0.3,0.0015,0.99,0.999,1.0,0.99,1.0,NA,NA,NA,NA,,4,1020
NA,NA,NA,75.0,Config3,57.99999999999999,17,48.5,0.7452884837761643,12.53,196,315,219343695269600,219343702282300,6869297.5,1.550648,14,0.01,0.3,0.0015,0.99,0.999,1.0,0.99,1.0,NA,NA,NA,NA,,3,1020
22,2,22N-6N-6N-6N-6N-6N-6N-6N-2N-22N-6N-6N-6N-6N-6N-6N-6N-2N,25.0,Config6,58.5,29,49.0,0.7181085417881714,12.47,109,402,114403712379300,114403718700900,6798225.0,1.613932,12,0.01,0.3,0.0015,0.99,0.999,1.0,0.99,1.0,18,132,"[22, 6, 6, 6, 6, 6, 6, 6, 2, 22, 6, 6, 6, 6, 6, 6, 6, 2]",22n-6n-6n-6n-6n-6n-6n-6n-2o,,790,718
22,2,22N-6N-6N-6N-6N-6N-6N-2N-22N-6N-6N-6N-6N-6N-6N-2N-22N-6N-6N-6N-6N-6N-6N-2N-22N-6N-6N-6N-6N-6N-6N-2N,25.0,Config5,58.5,621,51.0,0.5763820281103578,12.55,104,407,114396780064800,114396785779700,5571111.5,1.40578,12,0.01,0.3,0.0015,0.99,0.999,1.0,0.99,1.0,32,240,"[22, 6, 6, 6, 6, 6, 6, 2, 22, 6, 6, 6, 6, 6, 6, 2, 22, 6, 6, 6, 6, 6, 6, 2, 22, 6, 6, 6, 6, 6, 6, 2]",22n-6n-6n-6n-6n-6n-6n-2o,,707,718
22,2,22N-7N-7N-7N-7N-7N-2N-22N-7N-7N-7N-7N-7N-2N-22N-7N-7N-7N-7N-7N-2N-22N-7N-7N-7N-7N-7N-2N,25.0,Config4,58.5,13,53.0,0.6229623214058112,12.44,100,411,114390414852300,114390420101400,5407111.0,1.455589,14,0.01,0.3,0.0015,0.99,0.999,1.0,0.99,1.0,28,236,"[22, 7, 7, 7, 7, 7, 2, 22, 7, 7, 7, 7, 7, 2, 22, 7, 7, 7, 7, 7, 2, 22, 7, 7, 7, 7, 7, 2]",22n-7n-7n-7n-7n-7n-2o,,683,718
22,2,22N-8N-8N-8N-8N-2N-22N-8N-8N-8N-8N-2N-22N-8N-8N-8N-8N-2N,25.0,Config3,60.0,23,52.0,0.6456747201258759,12.57,96,415,114384077222300,114384082221200,5625380.5,1.640589,16,0.01,0.3,0.0015,0.99,0.999,1.0,0.99,1.0,18,168,"[22, 8, 8, 8, 8, 2, 22, 8, 8, 8, 8, 2, 22, 8, 8, 8, 8, 2]",22n-8n-8n-8n-8n-2o,,685,718
22,2,22N-9N-9N-9N-9N-2N,25.0,Config3,55.00000000000001,47,48.0,0.6888771934803095,12.46,109,402,131138132159700,131138139022100,7200679.5,1.278998,18,0.01,0.3,0.0015,0.99,0.999,1.0,0.99,1.0,6,60,"[22, 9, 9, 9, 9, 2]",22n-9n-9n-9n-9n-2o,,754,718
22,2,22N-10N-10N-10N-2N-22N-10N-10N-10N-2N,25.0,Config2,60.0,93,51.5,0.6768493846409268,12.36,93,418,114377506314100,114377511641600,5076019.0,1.569222,20,0.01,0.3,0.0015,0.99,0.999,1.0,0.99,1.0,10,108,"[22, 10, 10, 10, 2, 22, 10, 10, 10, 2]",22n-10n-10n-10n-2o,,692,718
22,2,22N-11N-11N-11N-2N-22N-11N-11N-11N-2N,25.0,Config2,59.0,156,46.0,0.7050129055934158,12.3,105,406,131130811470300,131130818785500,6185969.5,1.309184,22,0.01,0.3,0.0015,0.99,0.999,1.0,0.99,1.0,10,114,"[22, 11, 11, 11, 2, 22, 11, 11, 11, 2]",22n-11n-11n-11n-2o,,751,718
22,2,22N-14N-14N-2N-22N-14N-14N-2N-22N-14N-14N-2N-22N-14N-14N-2N,25.0,Config1,57.99999999999999,144,50.5,0.7309384888570883,12.6,89,422,114371473571500,114371478303600,5174358.0,1.311771,28,0.01,0.3,0.0015,0.99,0.999,1.0,0.99,1.0,16,208,"[22, 14, 14, 2, 22, 14, 14, 2, 22, 14, 14, 2, 22, 14, 14, 2]",22n-14n-14n-2o,,695,718
22,2,22N-5N-5N-5N-5N-5N-5N-5N-2N-22N-5N-5N-5N-5N-5N-5N-5N-2N,25.0,Config6,55.00000000000001,322,47.0,0.6701174417095249,12.26,12,499,114442943176000,114442947991900,5423691.5,1.13196,10,0.01,0.3,0.0015,0.99,0.999,1.0,0.99,1.0,18,118,"[22, 5, 5, 5, 5, 5, 5, 5, 2, 22, 5, 5, 5, 5, 5, 5, 5, 2]",22n-5n-5n-5n-5n-5n-5n-5n-2o,,662,718
22,2,22N-6N-6N-6N-6N-6N-6N-2N-22N-6N-6N-6N-6N-6N-6N-2N-22N-6N-6N-6N-6N-6N-6N-2N-22N-6N-6N-6N-6N-6N-6N-2N,25.0,Config5,56.99999999999999,205,44.5,0.6012828580012638,12.71,8,503,114436288000800,114436293990300,5878968.5,1.348425,12,0.01,0.3,0.0015,0.99,0.999,1.0,0.99,1.0,32,240,"[22, 6, 6, 6, 6, 6, 6, 2, 22, 6, 6, 6, 6, 6, 6, 2, 22, 6, 6, 6, 6, 6, 6, 2, 22, 6, 6, 6, 6, 6, 6, 2]",22n-6n-6n-6n-6n-6n-6n-2o,,720,718
22,2,22N-7N-7N-7N-7N-7N-2N-22N-7N-7N-7N-7N-7N-2N-22N-7N-7N-7N-7N-7N-2N-22N-7N-7N-7N-7N-7N-2N,25.0,Config4,60.0,601,46.5,0.6888466224993587,12.5,4,507,114429645546600,114429652158300,6322772.0,1.476974,14,0.01,0.3,0.0015,0.99,0.999,1.0,0.99,1.0,28,236,"[22, 7, 7, 7, 7, 7, 2, 22, 7, 7, 7, 7, 7, 2, 22, 7, 7, 7, 7, 7, 2, 22, 7, 7, 7, 7, 7, 2]",22n-7n-7n-7n-7n-7n-2o,,701,718
22,2,22N-8N-8N-8N-8N-2N-22N-8N-8N-8N-8N-2N-22N-8N-8N-8N-8N-2N-22N-8N-8N-8N-8N-2N,25.0,Config3,57.49999999999999,106,50.5,0.6023861804013158,12.29,120,391,114422463390900,114422468345700,5248039.0,1.288748,16,0.01,0.3,0.0015,0.99,0.999,1.0,0.99,1.0,24,224,"[22, 8, 8, 8, 8, 2, 22, 8, 8, 8, 8, 2, 22, 8, 8, 8, 8, 2, 22, 8, 8, 8, 8, 2]",22n-8n-8n-8n-8n-2o,,699,718
22,2,22N-10N-10N-10N-2N-22N-10N-10N-10N-2N-22N-10N-10N-10N-2N,25.0,Config2,54.50000000000001,6,53.0,0.6867482755025192,12.48,116,395,114415948135200,114415953240400,5286574.5,1.618544,20,0.01,0.3,0.0015,0.99,0.999,1.0,0.99,1.0,15,162,"[22, 10, 10, 10, 2, 22, 10, 10, 10, 2, 22, 10, 10, 10, 2]",22n-10n-10n-10n-2o,,683,718
22,2,22N-11N-11N-11N-2N,25.0,Config2,56.99999999999999,119,50.5,0.7014923032665206,12.22,8,503,131164605561500,131164612057600,6595727.5,1.42412,22,0.01,0.3,0.0015,0.99,0.999,1.0,0.99,1.0,5,57,"[22, 11, 11, 11, 2]",22n-11n-11n-11n-2o,,752,718
22,2,22N-14N-14N-2N-22N-14N-14N-2N-22N-14N-14N-2N-22N-14N-14N-2N,25.0,Config1,58.5,231,54.0,0.689130393461148,12.31,112,399,114409843943100,114409850281500,5093667.0,1.469245,28,0.01,0.3,0.0015,0.99,0.999,1.0,0.99,1.0,16,208,"[22, 14, 14, 2, 22, 14, 14, 2, 22, 14, 14, 2, 22, 14, 14, 2]",22n-14n-14n-2o,,703,718
22,2,22N-5N-5N-5N-5N-5N-5N-5N-2N-22N-5N-5N-5N-5N-5N-5N-5N-2N,25.0,Config6,58.5,156,49.5,0.621624032992052,12.47,34,477,114482099217900,114482103852100,5219932.5,0.958897,10,0.01,0.3,0.0015,0.99,0.999,1.0,0.99,1.0,18,118,"[22, 5, 5, 5, 5, 5, 5, 5, 2, 22, 5, 5, 5, 5, 5, 5, 5, 2]",22n-5n-5n-5n-5n-5n-5n-5n-2o,,654,718
22,2,22N-6N-6N-6N-6N-6N-6N-2N-22N-6N-6N-6N-6N-6N-6N-2N-22N-6N-6N-6N-6N-6N-6N-2N-22N-6N-6N-6N-6N-6N-6N-2N,25.0,Config5,59.0,596,48.0,0.7123794133860031,12.22,30,481,114475669189100,114475674946300,5716454.5,1.650616,12,0.01,0.3,0.0015,0.99,0.999,1.0,0.99,1.0,32,240,"[22, 6, 6, 6, 6, 6, 6, 2, 22, 6, 6, 6, 6, 6, 6, 2, 22, 6, 6, 6, 6, 6, 6, 2, 22, 6, 6, 6, 6, 6, 6, 2]",22n-6n-6n-6n-6n-6n-6n-2o,,688,718
22,2,22N-7N-7N-7N-7N-7N-2N-22N-7N-7N-7N-7N-7N-2N-22N-7N-7N-7N-7N-7N-2N-22N-7N-7N-7N-7N-7N-2N,25.0,Config4,60.5,691,53.5,0.6057333796796377,12.32,26,485,114469115355500,114469120885400,5826237.5,1.377807,14,0.01,0.3,0.0015,0.99,0.999,1.0,0.99,1.0,28,236,"[22, 7, 7, 7, 7, 7, 2, 22, 7, 7, 7, 7, 7, 2, 22, 7, 7, 7, 7, 7, 2, 22, 7, 7, 7, 7, 7, 2]",22n-7n-7n-7n-7n-7n-2o,,689,718
22,2,22N-8N-8N-8N-8N-2N-22N-8N-8N-8N-8N-2N-22N-8N-8N-8N-8N-2N,25.0,Config3,58.5,167,55.50000000000001,0.581632256095512,12.58,22,489,114462509424400,114462516157700,5560749.5,1.456713,16,0.01,0.3,0.0015,0.99,0.999,1.0,0.99,1.0,18,168,"[22, 8, 8, 8, 8, 2, 22, 8, 8, 8, 8, 2, 22, 8, 8, 8, 8, 2]",22n-8n-8n-8n-8n-2o,,685,718
22,2,22N-9N-9N-9N-9N-2N,25.0,Config3,56.99999999999999,58,48.5,0.600185342861119,12.58,38,473,131205599551300,131205605682300,6800349.0,1.456861,18,0.01,0.3,0.0015,0.99,0.999,1.0,0.99,1.0,6,60,"[22, 9, 9, 9, 9, 2]",22n-9n-9n-9n-9n-2o,,741,718
22,2,22N-10N-10N-10N-2N-22N-10N-10N-10N-2N-22N-10N-10N-10N-2N,25.0,Config2,56.99999999999999,562,55.50000000000001,0.6271850870677738,12.62,18,493,114456003571600,114456009045300,5390708.0,1.377504,20,0.01,0.3,0.0015,0.99,0.999,1.0,0.99,1.0,15,162,"[22, 10, 10, 10, 2, 22, 10, 10, 10, 2, 22, 10, 10, 10, 2]",22n-10n-10n-10n-2o,,686,718
22,2,22N-11N-11N-11N-2N,25.0,Config2,64.5,85,59.5,0.5932061791501606,12.35,32,479,131198725386700,131198731649800,6685482.0,1.526503,22,0.01,0.3,0.0015,0.99,0.999,1.0,0.99,1.0,5,57,"[22, 11, 11, 11, 2]",22n-11n-11n-11n-2o,,750,718
22,2,22N-14N-14N-2N-22N-14N-14N-2N-22N-14N-14N-2N-22N-14N-14N-2N,25.0,Config1,60.5,26,50.5,0.6288135973844275,12.16,16,495,114449628230600,114449635329900,5800476.0,0.982551,28,0.01,0.3,0.0015,0.99,0.999,1.0,0.99,1.0,16,208,"[22, 14, 14, 2, 22, 14, 14, 2, 22, 14, 14, 2, 22, 14, 14, 2]",22n-14n-14n-2o,,698,718
NA,NA,NA,0.0,Config6,56.99999999999999,200,50.5,0.5750946972530017,12.31,34,477,215220846983700,215220851981800,4972654.5,0.787166,16,0.01,0.3,0.0015,0.99,0.999,1.0,0.99,1.0,NA,NA,NA,NA,,6,718
NA,NA,NA,0.0,Config4,56.49999999999999,279,52.5,0.6287025830380842,12.66,25,486,215207034343600,215207039688900,5356375.0,1.129299,20,0.01,0.3,0.0015,0.99,0.999,1.0,0.99,1.0,NA,NA,NA,NA,,4,718
NA,NA,NA,0.0,Config3,58.5,161,49.0,0.7197638458989845,12.61,21,490,215200092043100,215200097169900,4959047.5,1.394607,22,0.01,0.3,0.0015,0.99,0.999,1.0,0.99,1.0,NA,NA,NA,NA,,3,718
NA,NA,NA,0.0,Config5,56.00000000000001,150,47.0,0.6624832646128388,12.51,30,481,215214037618000,215214042737900,5347305.5,1.068846,18,0.01,0.3,0.0015,0.99,0.999,1.0,0.99,1.0,NA,NA,NA,NA,,5,718
NA,NA,NA,0.0,Config6,57.49999999999999,119,46.5,0.5532260433523656,12.75,52,459,215248851817000,215248856480000,4929022.0,0.895754,16,0.01,0.3,0.0015,0.99,0.999,1.0,0.99,1.0,NA,NA,NA,NA,,6,718
NA,NA,NA,0.0,Config4,58.5,114,42.0,0.5938280485366225,12.45,42,469,215235011230800,215235016870400,5610715.0,0.868171,20,0.01,0.3,0.0015,0.99,0.999,1.0,0.99,1.0,NA,NA,NA,NA,,4,718
NA,NA,NA,0.0,Config3,60.0,44,47.5,0.7207111272148468,12.09,38,473,215227743378000,215227748299900,5092135.0,1.331688,22,0.01,0.3,0.0015,0.99,0.999,1.0,0.99,1.0,NA,NA,NA,NA,,3,718
NA,NA,NA,0.0,Config5,60.0,193,47.0,0.6846643437683713,12.61,48,463,215242091671500,215242096958200,5413725.5,0.899165,18,0.01,0.3,0.0015,0.99,0.999,1.0,0.99,1.0,NA,NA,NA,NA,,5,718
NA,NA,NA,0.0,Config6,60.0,201,47.0,0.5807645632209597,12.82,69,442,215276222246700,215276227037800,5074245.5,0.977834,16,0.01,0.3,0.0015,0.99,0.999,1.0,0.99,1.0,NA,NA,NA,NA,,6,718
NA,NA,NA,0.0,Config4,61.0,44,51.5,0.5721977835258084,12.49,60,451,215262424780000,215262429892100,5269743.0,1.318164,20,0.01,0.3,0.0015,0.99,0.999,1.0,0.99,1.0,NA,NA,NA,NA,,4,718
NA,NA,NA,0.0,Config3,62.0,320,56.00000000000001,0.5499148365851636,12.21,56,455,215255547139700,215255552101000,4938306.5,1.379286,22,0.01,0.3,0.0015,0.99,0.999,1.0,0.99,1.0,NA,NA,NA,NA,,3,718
NA,NA,NA,0.0,Config5,60.0,39,51.5,0.5965051640872641,12.12,64,447,215269345040500,215269350228800,5308528.0,0.945197,18,0.01,0.3,0.0015,0.99,0.999,1.0,0.99,1.0,NA,NA,NA,NA,,5,718
NA,NA,NA,10.0,Config6,57.49999999999999,145,48.5,0.6097167444331886,12.79,158,353,216267252223800,216267257243800,5397363.0,1.134582,14,0.01,0.3,0.0015,0.99,0.999,1.0,0.99,1.0,NA,NA,NA,NA,,6,762
NA,NA,NA,10.0,Config3,60.5,290,58.5,0.6171720853866801,12.78,144,367,216246959670200,216246964738400,5254703.0,1.456103,20,0.01,0.3,0.0015,0.99,0.999,1.0,0.99,1.0,NA,NA,NA,NA,,3,762
NA,NA,NA,10.0,Config5,60.5,49,54.50000000000001,0.5377616943630348,12.27,152,359,216260425942300,216260432242200,5471391.5,0.935088,16,0.01,0.3,0.0015,0.99,0.999,1.0,0.99,1.0,NA,NA,NA,NA,,5,762
NA,NA,NA,10.0,Config4,62.0,190,53.5,0.616608396707925,12.3,148,363,216253614033800,216253619072000,5285759.0,1.333239,18,0.01,0.3,0.0015,0.99,0.999,1.0,0.99,1.0,NA,NA,NA,NA,,4,762
NA,NA,NA,10.0,Config6,56.99999999999999,232,47.0,0.6655649913560658,11.28,174,337,216294376928800,216294382647900,5857368.5,1.210963,14,0.01,0.3,0.0015,0.99,0.999,1.0,0.99,1.0,NA,NA,NA,NA,,6,762
NA,NA,NA,10.0,Config3,57.99999999999999,189,48.0,0.6639703393436045,12.79,162,349,216273821411800,216273826188000,5000129.0,1.137983,20,0.01,0.3,0.0015,0.99,0.999,1.0,0.99,1.0,NA,NA,NA,NA,,3,762
NA,NA,NA,10.0,Config5,58.5,199,42.5,0.6772650102033683,12.52,170,341,216287304198500,216287310586000,5560407.5,1.262248,16,0.01,0.3,0.0015,0.99,0.999,1.0,0.99,1.0,NA,NA,NA,NA,,5,762
NA,NA,NA,10.0,Config4,56.99999999999999,191,50.5,0.6599046122031811,12.3,166,345,216280404507600,216280409616900,5141179.5,1.418263,18,0.01,0.3,0.0015,0.99,0.999,1.0,0.99,1.0,NA,NA,NA,NA,,4,762
NA,NA,NA,10.0,Config6,57.49999999999999,310,48.5,0.5740088807134287,12.58,190,321,216321430044500,216321436634100,5602150.5,1.104679,14,0.01,0.3,0.0015,0.99,0.999,1.0,0.99,1.0,NA,NA,NA,NA,,6,762
NA,NA,NA,10.0,Config3,57.49999999999999,6,48.0,0.6372942199965846,11.68,178,333,216300860132500,216300865301300,5017764.5,1.188196,20,0.01,0.3,0.0015,0.99,0.999,1.0,0.99,1.0,NA,NA,NA,NA,,3,762
NA,NA,NA,10.0,Config5,55.00000000000001,1,49.0,0.6384294249480676,12.37,186,325,216314348532000,216314353776600,5368128.5,0.992372,16,0.01,0.3,0.0015,0.99,0.999,1.0,0.99,1.0,NA,NA,NA,NA,,5,762
NA,NA,NA,10.0,Config4,53.0,138,49.0,0.6564646305204402,12.29,182,329,216307644684000,216307651052600,5305103.5,1.39003,18,0.01,0.3,0.0015,0.99,0.999,1.0,0.99,1.0,NA,NA,NA,NA,,4,762
NA,NA,NA,100.0,Config6,56.99999999999999,46,48.0,0.6858901881247038,11.87,270,241,220694576556200,220694584127900,8200931.0,1.323471,8,0.01,0.3,0.0015,0.99,0.999,1.0,0.99,1.0,NA,NA,NA,NA,,6,1146
NA,NA,NA,100.0,Config5,61.5,137,46.0,0.7783536824177146,12.51,266,245,220685794188900,220685803178000,9879572.5,1.595618,10,0.01,0.3,0.0015,0.99,0.999,1.0,0.99,1.0,NA,NA,NA,NA,,5,1146
NA,NA,NA,100.0,Config4,56.49999999999999,148,47.0,0.808456083556634,12.4,262,249,220675649254900,220675657278500,8849441.5,1.598173,12,0.01,0.3,0.0015,0.99,0.999,1.0,0.99,1.0,NA,NA,NA,NA,,4,1146
NA,NA,NA,100.0,Config3,57.99999999999999,2,45.5,0.6723926618936455,11.78,258,253,220666518713300,220666526108400,7861418.0,1.112024,14,0.01,0.3,0.0015,0.99,0.999,1.0,0.99,1.0,NA,NA,NA,NA,,3,1146
NA,NA,NA,100.0,Config6,56.99999999999999,14,53.0,0.6262680189207063,12.24,288,223,220731214257700,220731222273400,8848503.0,1.327181,8,0.01,0.3,0.0015,0.99,0.999,1.0,0.99,1.0,NA,NA,NA,NA,,6,1146
NA,NA,NA,100.0,Config5,56.49999999999999,139,50.5,0.7116201368575347,12.54,284,227,220721651656300,220721661422300,8847241.5,1.899127,10,0.01,0.3,0.0015,0.99,0.999,1.0,0.99,1.0,NA,NA,NA,NA,,5,1146
NA,NA,NA,100.0,Config4,57.99999999999999,240,54.0,0.6394179301164445,12.57,280,231,220712485431600,220712494300400,9443137.5,1.809952,12,0.01,0.3,0.0015,0.99,0.999,1.0,0.99,1.0,NA,NA,NA,NA,,4,1146
NA,NA,NA,100.0,Config3,55.50000000000001,18,47.5,0.8139747240472098,12.73,274,237,220702866876300,220702874531300,7286176.0,1.74941,14,0.01,0.3,0.0015,0.99,0.999,1.0,0.99,1.0,NA,NA,NA,NA,,3,1146
NA,NA,NA,100.0,Config6,56.49999999999999,171,49.5,0.7187155039579786,12.54,6,505,220768120351700,220768128447700,8420422.5,1.760451,8,0.01,0.3,0.0015,0.99,0.999,1.0,0.99,1.0,NA,NA,NA,NA,,6,1146
NA,NA,NA,100.0,Config5,59.0,191,45.5,0.7611880194263162,12.41,302,209,220758840378300,220758848352800,9091736.0,1.459535,10,0.01,0.3,0.0015,0.99,0.999,1.0,0.99,1.0,NA,NA,NA,NA,,5,1146
NA,NA,NA,100.0,Config4,55.50000000000001,133,48.5,0.6783467162135187,12.11,296,215,220749491669000,220749503687200,9211989.0,1.258265,12,0.01,0.3,0.0015,0.99,0.999,1.0,0.99,1.0,NA,NA,NA,NA,,4,1146
NA,NA,NA,100.0,Config3,56.00000000000001,257,49.0,0.6903184129156962,11.54,292,219,220739972662100,220739981089300,7747873.5,1.647156,14,0.01,0.3,0.0015,0.99,0.999,1.0,0.99,1.0,NA,NA,NA,NA,,3,1146
NA,NA,NA,25.0,Config6,59.0,238,55.50000000000001,0.5743355874210415,12.08,196,315,217241623438400,217241628960500,5661454.5,1.689636,12,0.01,0.3,0.0015,0.99,0.999,1.0,0.99,1.0,NA,NA,NA,NA,,6,830
NA,NA,NA,25.0,Config3,54.50000000000001,262,50.0,0.7043279089033944,12.38,182,329,217221344242700,217221349994000,6577639.0,1.721898,20,0.01,0.3,0.0015,0.99,0.999,1.0,0.99,1.0,NA,NA,NA,NA,,3,830
NA,NA,NA,25.0,Config5,56.00000000000001,223,52.0,0.6926104945761129,12.49,190,321,217234888086300,217234893768000,5962328.0,1.673682,14,0.01,0.3,0.0015,0.99,0.999,1.0,0.99,1.0,NA,NA,NA,NA,,5,830
NA,NA,NA,25.0,Config4,56.00000000000001,198,52.0,0.5989770190634028,12.45,186,325,217227956614600,217227962019800,5475144.0,1.25805,16,0.01,0.3,0.0015,0.99,0.999,1.0,0.99,1.0,NA,NA,NA,NA,,4,830
NA,NA,NA,25.0,Config6,59.0,209,44.0,0.687227057510391,12.44,212,299,217269012656100,217269018709900,5944522.5,1.535185,12,0.01,0.3,0.0015,0.99,0.999,1.0,0.99,1.0,NA,NA,NA,NA,,6,830
NA,NA,NA,25.0,Config3,61.0,348,54.0,0.6650826726933687,12.47,200,311,217248506756300,217248512543100,5984277.0,1.465503,20,0.01,0.3,0.0015,0.99,0.999,1.0,0.99,1.0,NA,NA,NA,NA,,3,830
NA,NA,NA,25.0,Config5,58.5,157,49.0,0.727117943854082,12.47,208,303,217261972748900,217261978780100,5841474.0,1.566874,14,0.01,0.3,0.0015,0.99,0.999,1.0,0.99,1.0,NA,NA,NA,NA,,5,830
NA,NA,NA,25.0,Config4,54.50000000000001,159,45.5,0.6234305954548356,12.43,202,309,217255119978200,217255125385400,5463901.5,1.395961,16,0.01,0.3,0.0015,0.99,0.999,1.0,0.99,1.0,NA,NA,NA,NA,,4,830
NA,NA,NA,25.0,Config6,60.5,363,55.00000000000001,0.6077271030515786,12.36,228,283,217297075582700,217297081280400,5859590.0,1.088717,12,0.01,0.3,0.0015,0.99,0.999,1.0,0.99,1.0,NA,NA,NA,NA,,6,830
NA,NA,NA,25.0,Config3,57.99999999999999,259,50.0,0.7091204846413214,12.67,216,295,217275922205000,217275928415300,5947743.5,1.290074,20,0.01,0.3,0.0015,0.99,0.999,1.0,0.99,1.0,NA,NA,NA,NA,,3,830
NA,NA,NA,25.0,Config5,59.0,207,49.0,0.6265494800910691,12.39,224,287,217290091640400,217290096959000,5738976.5,1.331199,14,0.01,0.3,0.0015,0.99,0.999,1.0,0.99,1.0,NA,NA,NA,NA,,5,830
NA,NA,NA,25.0,Config4,55.00000000000001,152,50.0,0.6340048887760736,12.43,220,291,217283205659600,217283211410100,6274403.5,1.128592,16,0.01,0.3,0.0015,0.99,0.999,1.0,0.99,1.0,NA,NA,NA,NA,,4,830
NA,NA,NA,50.0,Config6,57.99999999999999,238,53.0,0.6682939603279537,11.7,198,313,218237418455900,218237424456700,6095288.5,1.453175,10,0.01,0.3,0.0015,0.99,0.999,1.0,0.99,1.0,NA,NA,NA,NA,,6,924
NA,NA,NA,50.0,Config5,60.0,256,49.5,0.6405518503989275,12.03,194,317,218230638079100,218230644374100,6654528.0,1.345756,12,0.01,0.3,0.0015,0.99,0.999,1.0,0.99,1.0,NA,NA,NA,NA,,5,924
NA,NA,NA,50.0,Config4,60.5,49,56.00000000000001,0.6837082900599737,12.84,190,321,218223583439200,218223590541200,6439959.0,1.832083,14,0.01,0.3,0.0015,0.99,0.999,1.0,0.99,1.0,NA,NA,NA,NA,,4,924
NA,NA,NA,50.0,Config3,56.99999999999999,378,56.99999999999999,0.6151222247003203,12.23,186,325,218216617322600,218216622964100,5667152.5,1.563937,16,0.01,0.3,0.0015,0.99,0.999,1.0,0.99,1.0,NA,NA,NA,NA,,3,924
NA,NA,NA,50.0,Config6,56.49999999999999,40,48.0,0.7321825477968652,12.81,216,295,218265033093200,218265039817800,6648188.0,1.439786,10,0.01,0.3,0.0015,0.99,0.999,1.0,0.99,1.0,NA,NA,NA,NA,,6,924
NA,NA,NA,50.0,Config5,57.99999999999999,262,51.0,0.6012785706774083,12.65,212,299,218257890743200,218257897322200,6617182.5,1.230824,12,0.01,0.3,0.0015,0.99,0.999,1.0,0.99,1.0,NA,NA,NA,NA,,5,924
NA,NA,NA,50.0,Config4,56.99999999999999,208,45.0,0.6287576630357462,12.33,208,303,218250879869700,218250886125500,6393562.0,1.475232,14,0.01,0.3,0.0015,0.99,0.999,1.0,0.99,1.0,NA,NA,NA,NA,,4,924
NA,NA,NA,50.0,Config3,59.0,7,48.0,0.7058774113632817,12.76,204,307,218244010640500,218244016154200,5701632.0,1.450676,16,0.01,0.3,0.0015,0.99,0.999,1.0,0.99,1.0,NA,NA,NA,NA,,3,924
NA,NA,NA,50.0,Config6,59.5,346,52.5,0.7297889976727336,12.22,232,279,218293855020800,218293861464800,6430268.0,1.81674,10,0.01,0.3,0.0015,0.99,0.999,1.0,0.99,1.0,NA,NA,NA,NA,,6,924
NA,NA,NA,50.0,Config5,58.5,3,53.0,0.7121833691956634,12.1,228,283,218286816831700,218286826705800,6571010.5,1.657894,12,0.01,0.3,0.0015,0.99,0.999,1.0,0.99,1.0,NA,NA,NA,NA,,5,924
NA,NA,NA,50.0,Config4,56.00000000000001,2,47.5,0.858285155136186,12.39,224,287,218279733590800,218279740843800,6538567.0,1.924339,14,0.01,0.3,0.0015,0.99,0.999,1.0,0.99,1.0,NA,NA,NA,NA,,4,924
NA,NA,NA,50.0,Config3,55.50000000000001,335,53.0,0.6932488319367843,12.47,220,291,218272759714300,218272765220200,6900443.0,1.373172,16,0.01,0.3,0.0015,0.99,0.999,1.0,0.99,1.0,NA,NA,NA,NA,,3,924
NA,NA,NA,75.0,Config6,57.99999999999999,243,50.0,0.7496603292157136,12.1,226,285,219402109677800,219402115743500,6661784.5,1.943143,8,0.01,0.3,0.0015,0.99,0.999,1.0,0.99,1.0,NA,NA,NA,NA,,6,1020
NA,NA,NA,75.0,Config5,60.0,304,50.5,0.662329279876656,11.98,220,291,219394502820400,219394511062500,8416315.5,1.761317,10,0.01,0.3,0.0015,0.99,0.999,1.0,0.99,1.0,NA,NA,NA,NA,,5,1020
NA,NA,NA,75.0,Config4,57.99999999999999,324,54.50000000000001,0.7233974625138683,12.3,216,295,219385630599800,219385639578700,7736276.5,1.620851,12,0.01,0.3,0.0015,0.99,0.999,1.0,0.99,1.0,NA,NA,NA,NA,,4,1020
NA,NA,NA,75.0,Config3,57.49999999999999,96,55.50000000000001,0.6821982199676182,12.52,218,293,183196993004000,183196999424900,6082955.5,1.511723,14,0.01,0.3,0.0015,0.99,0.999,1.0,0.99,1.0,NA,NA,NA,NA,,3,1020
NA,NA,NA,75.0,Config3,53.0,98,49.5,0.690572844250219,12.26,212,299,219377461573200,219377469342300,8450415.0,1.628994,16,0.01,0.3,0.0015,0.99,0.999,1.0,0.99,1.0,NA,NA,NA,NA,,3,1028
NA,NA,NA,75.0,Config6,59.5,336,54.50000000000001,0.6553134587603978,12.33,244,267,219434928934500,219434935659900,7243048.5,1.624452,8,0.01,0.3,0.0015,0.99,0.999,1.0,0.99,1.0,NA,NA,NA,NA,,6,1020
NA,NA,NA,75.0,Config5,56.99999999999999,247,51.0,0.582666862332045,11.6,240,271,219426855439500,219426864928000,7587170.5,0.956761,10,0.01,0.3,0.0015,0.99,0.999,1.0,0.99,1.0,NA,NA,NA,NA,,5,1020
NA,NA,NA,75.0,Config4,53.0,134,43.5,0.7915148555153424,12.38,234,277,219418718349000,219418725194400,8095574.5,1.810011,12,0.01,0.3,0.0015,0.99,0.999,1.0,0.99,1.0,NA,NA,NA,NA,,4,1020
NA,NA,NA,75.0,Config3,57.49999999999999,109,48.5,0.6790318054564948,12.25,230,281,219410193806000,219410202107700,7840294.0,1.258579,16,0.01,0.3,0.0015,0.99,0.999,1.0,0.99,1.0,NA,NA,NA,NA,,3,1020
NA,NA,NA,75.0,Config6,61.5,83,51.5,0.6453403254111038,12.34,262,249,219468382967900,219468390098100,7106574.5,1.753668,8,0.01,0.3,0.0015,0.99,0.999,1.0,0.99,1.0,NA,NA,NA,NA,,6,1020
NA,NA,NA,75.0,Config5,59.0,390,56.00000000000001,0.5596276961890577,12.44,256,255,219460408163400,219460419461100,8035689.5,1.379944,10,0.01,0.3,0.0015,0.99,0.999,1.0,0.99,1.0,NA,NA,NA,NA,,5,1020
NA,NA,NA,75.0,Config4,58.5,91,46.5,0.7814678041444444,11.88,252,259,219452031023300,219452039298700,8173404.5,1.937832,12,0.01,0.3,0.0015,0.99,0.999,1.0,0.99,1.0,NA,NA,NA,NA,,4,1020
NA,NA,NA,75.0,Config3,59.0,105,55.00000000000001,0.6228249821522119,12.51,254,257,183252825646200,183252831313900,6268121.0,1.302229,14,0.01,0.3,0.0015,0.99,0.999,1.0,0.99,1.0,NA,NA,NA,NA,,3,1020
NA,NA,NA,75.0,Config3,59.0,179,53.0,0.666083601233977,12.25,248,263,219443350827600,219443358488200,8089073.0,1.31321,16,0.01,0.3,0.0015,0.99,0.999,1.0,0.99,1.0,NA,NA,NA,NA,,3,1028
22,2,22N-6N-6N-6N-6N-6N-6N-6N-2N-22N-6N-6N-6N-6N-6N-6N-6N-2N,25.0,Config6,55.50000000000001,202,50.0,0.6514938918402329,12.17,58,453,114522574452300,114522581250800,7236675.0,0.905913,12,0.01,0.3,0.0015,0.99,0.999,1.0,0.99,1.0,18,132,"[22, 6, 6, 6, 6, 6, 6, 6, 2, 22, 6, 6, 6, 6, 6, 6, 6, 2]",22n-6n-6n-6n-6n-6n-6n-6n-2o,,776,718
22,2,22N-6N-6N-6N-6N-6N-6N-2N-22N-6N-6N-6N-6N-6N-6N-2N-22N-6N-6N-6N-6N-6N-6N-2N-22N-6N-6N-6N-6N-6N-6N-2N,25.0,Config5,57.49999999999999,679,51.5,0.592096900545999,12.62,54,457,114515321596700,114515326783300,6327279.0,1.158732,12,0.01,0.3,0.0015,0.99,0.999,1.0,0.99,1.0,32,240,"[22, 6, 6, 6, 6, 6, 6, 2, 22, 6, 6, 6, 6, 6, 6, 2, 22, 6, 6, 6, 6, 6, 6, 2, 22, 6, 6, 6, 6, 6, 6, 2]",22n-6n-6n-6n-6n-6n-6n-2o,,689,718
22,2,22N-7N-7N-7N-7N-7N-2N-22N-7N-7N-7N-7N-7N-2N-22N-7N-7N-7N-7N-7N-2N-22N-7N-7N-7N-7N-7N-2N,25.0,Config4,59.0,454,51.5,0.5986974384342129,12.45,50,461,114508017664700,114508023118400,5687463.0,1.346089,14,0.01,0.3,0.0015,0.99,0.999,1.0,0.99,1.0,28,236,"[22, 7, 7, 7, 7, 7, 2, 22, 7, 7, 7, 7, 7, 2, 22, 7, 7, 7, 7, 7, 2, 22, 7, 7, 7, 7, 7, 2]",22n-7n-7n-7n-7n-7n-2o,,709,718
22,2,22N-8N-8N-8N-8N-2N-22N-8N-8N-8N-8N-2N-22N-8N-8N-8N-8N-2N-22N-8N-8N-8N-8N-2N,25.0,Config3,60.0,164,52.0,0.6318138831255302,12.57,46,465,114501468639800,114501473595800,5321323.0,1.50186,16,0.01,0.3,0.0015,0.99,0.999,1.0,0.99,1.0,24,224,"[22, 8, 8, 8, 8, 2, 22, 8, 8, 8, 8, 2, 22, 8, 8, 8, 8, 2, 22, 8, 8, 8, 8, 2]",22n-8n-8n-8n-8n-2o,,689,718
22,2,22N-10N-10N-10N-2N-22N-10N-10N-10N-2N,25.0,Config2,56.00000000000001,184,46.0,0.7151116727231701,11.68,42,469,114495063441000,114495068612200,5878959.5,1.557148,20,0.01,0.3,0.0015,0.99,0.999,1.0,0.99,1.0,10,108,"[22, 10, 10, 10, 2, 22, 10, 10, 10, 2]",22n-10n-10n-10n-2o,,683,718
22,2,22N-11N-11N-11N-2N-22N-11N-11N-11N-2N,25.0,Config2,61.0,371,52.5,0.61737363857874,12.4,58,453,131231653628500,131231659271200,6195543.0,1.627868,22,0.01,0.3,0.0015,0.99,0.999,1.0,0.99,1.0,10,114,"[22, 11, 11, 11, 2, 22, 11, 11, 11, 2]",22n-11n-11n-11n-2o,,734,718
22,2,22N-14N-14N-2N-22N-14N-14N-2N-22N-14N-14N-2N-22N-14N-14N-2N,25.0,Config1,56.99999999999999,429,51.0,0.647327539075752,12.25,38,473,114488301176100,114488306355800,5346838.5,1.335257,28,0.01,0.3,0.0015,0.99,0.999,1.0,0.99,1.0,16,208,"[22, 14, 14, 2, 22, 14, 14, 2, 22, 14, 14, 2, 22, 14, 14, 2]",22n-14n-14n-2o,,685,718
22,2,22N-5N-5N-5N-5N-5N-5N-5N-2N-22N-5N-5N-5N-5N-5N-5N-5N-2N,25.0,Config6,56.49999999999999,7,41.5,0.6892960417640661,12.37,80,431,114561504757800,114561510007100,5103357.5,1.056546,10,0.01,0.3,0.0015,0.99,0.999,1.0,0.99,1.0,18,118,"[22, 5, 5, 5, 5, 5, 5, 5, 2, 22, 5, 5, 5, 5, 5, 5, 5, 2]",22n-5n-5n-5n-5n-5n-5n-5n-2o,,685,718
22,2,22N-6N-6N-6N-6N-6N-6N-6N-2N,25.0,Config6,55.50000000000001,64,47.0,0.6289906861881653,11.83,80,431,135475757585600,135475765425400,8715349.5,1.22293,12,0.01,0.3,0.0015,0.99,0.999,1.0,0.99,1.0,9,66,"[22, 6, 6, 6, 6, 6, 6, 6, 2]",22n-6n-6n-6n-6n-6n-6n-6n-2o,,779,718
22,2,22N-6N-6N-6N-6N-6N-6N-2N-22N-6N-6N-6N-6N-6N-6N-2N-22N-6N-6N-6N-6N-6N-6N-2N-22N-6N-6N-6N-6N-6N-6N-2N,25.0,Config5,59.5,722,53.5,0.6435165612803777,12.3,76,435,114555081091700,114555086499400,5839879.5,1.217621,12,0.01,0.3,0.0015,0.99,0.999,1.0,0.99,1.0,32,240,"[22, 6, 6, 6, 6, 6, 6, 2, 22, 6, 6, 6, 6, 6, 6, 2, 22, 6, 6, 6, 6, 6, 6, 2, 22, 6, 6, 6, 6, 6, 6, 2]",22n-6n-6n-6n-6n-6n-6n-2o,,710,718
22,2,22N-7N-7N-7N-7N-7N-2N-22N-7N-7N-7N-7N-7N-2N-22N-7N-7N-7N-7N-7N-2N-22N-7N-7N-7N-7N-7N-2N,25.0,Config4,56.00000000000001,126,52.5,0.6432610179074045,12.79,72,439,114548398338100,114548404113500,5740850.5,1.500307,14,0.01,0.3,0.0015,0.99,0.999,1.0,0.99,1.0,28,236,"[22, 7, 7, 7, 7, 7, 2, 22, 7, 7, 7, 7, 7, 2, 22, 7, 7, 7, 7, 7, 2, 22, 7, 7, 7, 7, 7, 2]",22n-7n-7n-7n-7n-7n-2o,,693,718
22,2,22N-8N-8N-8N-8N-2N-22N-8N-8N-8N-8N-2N-22N-8N-8N-8N-8N-2N,25.0,Config3,56.00000000000001,42,45.0,0.7234526042791382,12.28,68,443,114541781452800,114541786574900,5447725.5,1.410445,16,0.01,0.3,0.0015,0.99,0.999,1.0,0.99,1.0,18,168,"[22, 8, 8, 8, 8, 2, 22, 8, 8, 8, 8, 2, 22, 8, 8, 8, 8, 2]",22n-8n-8n-8n-8n-2o,,685,718
22,2,22N-9N-9N-9N-9N-2N,25.0,Config3,54.0,141,48.0,0.6874223102148714,12.29,88,423,131274845910800,131274852342900,6851875.0,1.347515,18,0.01,0.3,0.0015,0.99,0.999,1.0,0.99,1.0,6,60,"[22, 9, 9, 9, 9, 2]",22n-9n-9n-9n-9n-2o,,748,718
22,2,22N-10N-10N-10N-2N-22N-10N-10N-10N-2N-22N-10N-10N-10N-2N,25.0,Config2,57.99999999999999,587,53.5,0.7051590491594915,12.45,64,447,114535333743900,114535338635700,5177464.0,1.821553,20,0.01,0.3,0.0015,0.99,0.999,1.0,0.99,1.0,15,162,"[22, 10, 10, 10, 2, 22, 10, 10, 10, 2, 22, 10, 10, 10, 2]",22n-10n-10n-10n-2o,,702,718
22,2,22N-11N-11N-11N-2N,25.0,Config2,59.0,116,55.50000000000001,0.6159732789022536,12.0,82,429,90240030858200,90240037587300,6169481.0,1.564855,22,0.01,0.3,0.0015,0.99,0.999,1.0,0.99,1.0,5,57,"[22, 11, 11, 11, 2]",22n-11n-11n-11n-2o,,740,718
22,2,22N-14N-14N-2N-22N-14N-14N-2N-22N-14N-14N-2N-22N-14N-14N-2N,25.0,Config1,57.99999999999999,256,44.5,0.7679020595873004,12.58,62,449,114529007839700,114529012821900,5391783.0,1.338451,28,0.01,0.3,0.0015,0.99,0.999,1.0,0.99,1.0,16,208,"[22, 14, 14, 2, 22, 14, 14, 2, 22, 14, 14, 2, 22, 14, 14, 2]",22n-14n-14n-2o,,698,718
22,2,22N-5N-5N-5N-5N-5N-5N-5N-2N-22N-5N-5N-5N-5N-5N-5N-5N-2N,25.0,Config6,55.50000000000001,130,49.0,0.6395184627756639,12.52,104,407,114600733835900,114600738489100,5259703.5,1.237094,10,0.01,0.3,0.0015,0.99,0.999,1.0,0.99,1.0,18,118,"[22, 5, 5, 5, 5, 5, 5, 5, 2, 22, 5, 5, 5, 5, 5, 5, 5, 2]",22n-5n-5n-5n-5n-5n-5n-5n-2o,,656,718
22,2,22N-6N-6N-6N-6N-6N-6N-2N-22N-6N-6N-6N-6N-6N-6N-2N-22N-6N-6N-6N-6N-6N-6N-2N-22N-6N-6N-6N-6N-6N-6N-2N,25.0,Config5,60.0,555,51.0,0.6221849209738594,12.27,100,411,114594315713100,114594320755700,5501426.0,0.87822,12,0.01,0.3,0.0015,0.99,0.999,1.0,0.99,1.0,32,240,"[22, 6, 6, 6, 6, 6, 6, 2, 22, 6, 6, 6, 6, 6, 6, 2, 22, 6, 6, 6, 6, 6, 6, 2, 22, 6, 6, 6, 6, 6, 6, 2]",22n-6n-6n-6n-6n-6n-6n-2o,,696,718
22,2,22N-7N-7N-7N-7N-7N-2N-22N-7N-7N-7N-7N-7N-2N-22N-7N-7N-7N-7N-7N-2N-22N-7N-7N-7N-7N-7N-2N,25.0,Config4,60.5,27,53.0,0.5932492247684669,12.8,96,415,114587804898800,114587810108600,5805541.5,1.42482,14,0.01,0.3,0.0015,0.99,0.999,1.0,0.99,1.0,28,236,"[22, 7, 7, 7, 7, 7, 2, 22, 7, 7, 7, 7, 7, 2, 22, 7, 7, 7, 7, 7, 2, 22, 7, 7, 7, 7, 7, 2]",22n-7n-7n-7n-7n-7n-2o,,703,718
22,2,22N-8N-8N-8N-8N-2N-22N-8N-8N-8N-8N-2N-22N-8N-8N-8N-8N-2N,25.0,Config3,57.49999999999999,246,51.5,0.6064580697629871,12.44,92,419,114581097241300,114581102299800,5578447.5,1.209066,16,0.01,0.3,0.0015,0.99,0.999,1.0,0.99,1.0,18,168,"[22, 8, 8, 8, 8, 2, 22, 8, 8, 8, 8, 2, 22, 8, 8, 8, 8, 2]",22n-8n-8n-8n-8n-2o,,700,718
22,2,22N-9N-9N-9N-9N-2N,25.0,Config3,58.5,23,49.0,0.5964531946402372,12.45,112,399,131316707958900,131316714367100,7702326.5,1.193564,18,0.01,0.3,0.0015,0.99,0.999,1.0,0.99,1.0,6,60,"[22, 9, 9, 9, 9, 2]",22n-9n-9n-9n-9n-2o,,746,718
22,2,22N-10N-10N-10N-2N-22N-10N-10N-10N-2N,25.0,Config2,55.50000000000001,142,43.5,0.6034761297755092,12.66,88,423,114574368384000,114574373976000,5368094.5,1.203683,20,0.01,0.3,0.0015,0.99,0.999,1.0,0.99,1.0,10,108,"[22, 10, 10, 10, 2, 22, 10, 10, 10, 2]",22n-10n-10n-10n-2o,,669,718
22,2,22N-11N-11N-11N-2N-22N-11N-11N-11N-2N,25.0,Config2,57.49999999999999,26,44.0,0.7162462995994419,12.76,108,403,131308786291700,131308793017900,7214532.0,1.403682,22,0.01,0.3,0.0015,0.99,0.999,1.0,0.99,1.0,10,114,"[22, 11, 11, 11, 2, 22, 11, 11, 11, 2]",22n-11n-11n-11n-2o,,736,718
22,2,22N-14N-14N-2N-22N-14N-14N-2N-22N-14N-14N-2N-22N-14N-14N-2N,25.0,Config1,59.5,205,48.5,0.720985831104891,12.55,84,427,114567856654600,114567861820400,5249390.5,1.415073,28,0.01,0.3,0.0015,0.99,0.999,1.0,0.99,1.0,16,208,"[22, 14, 14, 2, 22, 14, 14, 2, 22, 14, 14, 2, 22, 14, 14, 2]",22n-14n-14n-2o,,702,718
NA,NA,NA,0.0,Config6,55.50000000000001,389,49.5,0.5355960788460237,11.97,85,426,215304202542400,215304208461100,5338327.0,0.747939,16,0.01,0.3,0.0015,0.99,0.999,1.0,0.99,1.0,NA,NA,NA,NA,,6,718
NA,NA,NA,0.0,Config4,61.5,380,56.99999999999999,0.5744727572175077,12.48,77,434,215290027350300,215290032351900,5334100.5,1.055456,20,0.01,0.3,0.0015,0.99,0.999,1.0,0.99,1.0,NA,NA,NA,NA,,4,718
NA,NA,NA,0.0,Config3,58.5,325,49.5,0.6381598983588495,12.41,73,438,215283108364500,215283113140500,5125575.0,1.122423,22,0.01,0.3,0.0015,0.99,0.999,1.0,0.99,1.0,NA,NA,NA,NA,,3,718
NA,NA,NA,0.0,Config5,63.0,183,45.0,0.6491480326734567,12.21,81,430,215297089746800,215297096549000,5457909.0,1.088736,18,0.01,0.3,0.0015,0.99,0.999,1.0,0.99,1.0,NA,NA,NA,NA,,5,718
NA,NA,NA,0.0,Config6,56.00000000000001,7,51.0,0.5401196526877913,12.33,102,409,215331278179200,215331283133500,4963562.5,0.825243,16,0.01,0.3,0.0015,0.99,0.999,1.0,0.99,1.0,NA,NA,NA,NA,,6,718
NA,NA,NA,0.0,Config4,58.5,11,51.5,0.5937571249574733,12.45,93,418,215317622357700,215317628249400,5198007.5,1.130066,20,0.01,0.3,0.0015,0.99,0.999,1.0,0.99,1.0,NA,NA,NA,NA,,4,718
NA,NA,NA,0.0,Config3,58.5,180,48.0,0.7286597941551283,12.07,89,422,215310806841000,215310811575700,4885071.0,1.403148,22,0.01,0.3,0.0015,0.99,0.999,1.0,0.99,1.0,NA,NA,NA,NA,,3,718
NA,NA,NA,0.0,Config5,57.49999999999999,16,50.5,0.5969952614989357,12.21,97,414,215324515791600,215324521059100,5225878.0,0.939319,18,0.01,0.3,0.0015,0.99,0.999,1.0,0.99,1.0,NA,NA,NA,NA,,5,718
NA,NA,NA,0.0,Config6,56.49999999999999,86,49.0,0.5852564859847671,12.65,120,391,215358810298000,215358815327000,5063756.5,0.866456,16,0.01,0.3,0.0015,0.99,0.999,1.0,0.99,1.0,NA,NA,NA,NA,,6,718
NA,NA,NA,0.0,Config4,56.99999999999999,37,46.0,0.7623040502781194,12.37,110,401,215345056320000,215345061992500,5424029.0,0.942621,20,0.01,0.3,0.0015,0.99,0.999,1.0,0.99,1.0,NA,NA,NA,NA,,4,718
NA,NA,NA,0.0,Config3,57.49999999999999,194,39.0,0.8510404303382656,12.46,106,405,215338047001900,215338051865300,5051584.5,1.276463,22,0.01,0.3,0.0015,0.99,0.999,1.0,0.99,1.0,NA,NA,NA,NA,,3,718
NA,NA,NA,0.0,Config5,59.0,2,51.5,0.5509921425566254,12.49,114,397,215351986055500,215351991036300,5267816.5,0.786574,18,0.01,0.3,0.0015,0.99,0.999,1.0,0.99,1.0,NA,NA,NA,NA,,5,718
NA,NA,NA,10.0,Config6,57.49999999999999,392,53.0,0.5906340509103704,12.28,208,303,216348612620000,216348617617100,5062901.5,1.085639,14,0.01,0.3,0.0015,0.99,0.999,1.0,0.99,1.0,NA,NA,NA,NA,,6,762
NA,NA,NA,10.0,Config3,61.0,239,48.5,0.6227882694257382,12.52,194,317,216328762363300,216328767119100,5761139.5,1.413507,20,0.01,0.3,0.0015,0.99,0.999,1.0,0.99,1.0,NA,NA,NA,NA,,3,762
NA,NA,NA,10.0,Config5,57.99999999999999,209,45.5,0.696928098311849,12.55,202,309,216342069496800,216342074658600,5384283.5,1.13037,16,0.01,0.3,0.0015,0.99,0.999,1.0,0.99,1.0,NA,NA,NA,NA,,5,762
NA,NA,NA,10.0,Config4,57.99999999999999,133,55.50000000000001,0.6076597848897998,12.55,198,313,216335362597200,216335368005500,5246649.5,1.233699,18,0.01,0.3,0.0015,0.99,0.999,1.0,0.99,1.0,NA,NA,NA,NA,,4,762
NA,NA,NA,10.0,Config6,57.99999999999999,346,47.5,0.6492517616845501,12.69,224,287,216376429832000,216376435013600,5781568.0,1.136583,14,0.01,0.3,0.0015,0.99,0.999,1.0,0.99,1.0,NA,NA,NA,NA,,6,762
NA,NA,NA,10.0,Config3,57.99999999999999,172,49.0,0.6508089811775758,12.34,212,299,216355556482600,216355563009700,5398267.0,1.203022,20,0.01,0.3,0.0015,0.99,0.999,1.0,0.99,1.0,NA,NA,NA,NA,,3,762
NA,NA,NA,10.0,Config5,59.5,40,53.0,0.5365790372751921,12.59,220,291,216369195127000,216369200848400,5523930.5,1.179116,16,0.01,0.3,0.0015,0.99,0.999,1.0,0.99,1.0,NA,NA,NA,NA,,5,762
NA,NA,NA,10.0,Config4,57.99999999999999,327,48.0,0.6645257175110989,12.17,216,295,216362353271800,216362358715300,5452099.5,1.354037,18,0.01,0.3,0.0015,0.99,0.999,1.0,0.99,1.0,NA,NA,NA,NA,,4,762
NA,NA,NA,10.0,Config6,64.5,22,47.5,0.6379054466131496,12.43,240,271,216403289012600,216403294144800,5098156.0,1.18274,14,0.01,0.3,0.0015,0.99,0.999,1.0,0.99,1.0,NA,NA,NA,NA,,6,762
NA,NA,NA,10.0,Config3,57.99999999999999,136,44.0,0.8063484904203874,12.47,228,283,216383228048500,216383232847600,5187416.5,1.468231,20,0.01,0.3,0.0015,0.99,0.999,1.0,0.99,1.0,NA,NA,NA,NA,,3,762
NA,NA,NA,10.0,Config5,59.0,324,48.0,0.6841413881503263,12.11,236,275,216396628040200,216396633441400,5363297.5,1.117887,16,0.01,0.3,0.0015,0.99,0.999,1.0,0.99,1.0,NA,NA,NA,NA,,5,762
NA,NA,NA,10.0,Config4,58.5,22,47.5,0.7371196617463557,12.73,232,279,216389900784900,216389905968600,5321257.0,1.38113,18,0.01,0.3,0.0015,0.99,0.999,1.0,0.99,1.0,NA,NA,NA,NA,,4,762
NA,NA,NA,100.0,Config6,55.50000000000001,18,50.0,0.7740241897159637,12.63,24,487,220806993437000,220807002672700,9714270.0,2.060241,8,0.01,0.3,0.0015,0.99,0.999,1.0,0.99,1.0,NA,NA,NA,NA,,6,1146
NA,NA,NA,100.0,Config5,56.00000000000001,206,47.5,0.7158173462661366,12.42,18,493,220796632213100,220796651617900,9308687.5,1.602807,10,0.01,0.3,0.0015,0.99,0.999,1.0,0.99,1.0,NA,NA,NA,NA,,5,1146
NA,NA,NA,100.0,Config4,57.49999999999999,248,48.0,0.685437945791452,12.62,14,497,220787085796500,220787094961600,8942011.5,1.411706,12,0.01,0.3,0.0015,0.99,0.999,1.0,0.99,1.0,NA,NA,NA,NA,,4,1146
NA,NA,NA,100.0,Config3,59.5,222,47.5,0.7365649203313818,12.45,10,501,220777796656900,220777804211000,8660580.5,1.492782,14,0.01,0.3,0.0015,0.99,0.999,1.0,0.99,1.0,NA,NA,NA,NA,,3,1146
NA,NA,NA,100.0,Config6,59.0,4,41.5,0.7955303376273529,12.71,42,469,220844224214700,220844232072900,9144373.5,1.780703,8,0.01,0.3,0.0015,0.99,0.999,1.0,0.99,1.0,NA,NA,NA,NA,,6,1146
NA,NA,NA,100.0,Config5,59.0,382,53.5,0.6479198029417542,12.54,36,475,220834654983700,220834665552600,9154573.5,1.335356,10,0.01,0.3,0.0015,0.99,0.999,1.0,0.99,1.0,NA,NA,NA,NA,,5,1146
NA,NA,NA,100.0,Config4,57.49999999999999,0,48.5,0.6804407950157203,12.27,32,479,220825265168200,220825273279500,8939738.0,0.931094,12,0.01,0.3,0.0015,0.99,0.999,1.0,0.99,1.0,NA,NA,NA,NA,,4,1146
NA,NA,NA,100.0,Config3,55.00000000000001,33,49.0,0.6804988369977717,11.99,28,483,220815802042400,220815810360400,7809748.0,1.908694,14,0.01,0.3,0.0015,0.99,0.999,1.0,0.99,1.0,NA,NA,NA,NA,,3,1146
NA,NA,NA,100.0,Config6,61.0,323,54.50000000000001,0.622113520834063,12.46,58,453,220881928383000,220881936938600,9083043.0,1.430519,8,0.01,0.3,0.0015,0.99,0.999,1.0,0.99,1.0,NA,NA,NA,NA,,6,1146
NA,NA,NA,100.0,Config5,56.00000000000001,107,52.0,0.7235904182167197,12.51,54,457,220872311552100,220872322543500,8798110.5,1.941298,10,0.01,0.3,0.0015,0.99,0.999,1.0,0.99,1.0,NA,NA,NA,NA,,5,1146
NA,NA,NA,100.0,Config4,56.00000000000001,280,52.0,0.7376835838937268,11.83,50,461,220863196925100,220863206398500,9293741.0,1.659197,12,0.01,0.3,0.0015,0.99,0.999,1.0,0.99,1.0,NA,NA,NA,NA,,4,1146
NA,NA,NA,100.0,Config3,55.00000000000001,0,45.0,0.7734815728042501,12.36,46,465,220853503897700,220853511337000,8358302.0,1.823393,14,0.01,0.3,0.0015,0.99,0.999,1.0,0.99,1.0,NA,NA,NA,NA,,3,1146
NA,NA,NA,25.0,Config6,56.00000000000001,205,50.0,0.6479515869082964,12.09,246,265,217327166042100,217327171450800,6241048.5,1.495824,12,0.01,0.3,0.0015,0.99,0.999,1.0,0.99,1.0,NA,NA,NA,NA,,6,830
NA,NA,NA,25.0,Config3,56.99999999999999,68,46.5,0.7899986908893336,12.47,232,279,217304055927500,217304062338700,6179197.0,1.589587,20,0.01,0.3,0.0015,0.99,0.999,1.0,0.99,1.0,NA,NA,NA,NA,,3,830
NA,NA,NA,25.0,Config5,59.5,360,49.0,0.712525497518033,12.19,240,271,217319862478400,217319869295900,7036238.5,1.614284,14,0.01,0.3,0.0015,0.99,0.999,1.0,0.99,1.0,NA,NA,NA,NA,,5,830
NA,NA,NA,25.0,Config4,57.99999999999999,361,51.5,0.6170226387653454,12.44,236,275,217311884620600,217311891211000,6682482.5,1.472064,16,0.01,0.3,0.0015,0.99,0.999,1.0,0.99,1.0,NA,NA,NA,NA,,4,830
NA,NA,NA,25.0,Config6,58.5,384,50.5,0.6676610991767369,12.67,262,249,217355020980300,217355026462900,5529058.5,1.515367,12,0.01,0.3,0.0015,0.99,0.999,1.0,0.99,1.0,NA,NA,NA,NA,,6,830
NA,NA,NA,25.0,Config3,57.49999999999999,68,51.0,0.6902271596433305,12.55,250,261,217334156420900,217334162295900,6180591.0,1.66903,20,0.01,0.3,0.0015,0.99,0.999,1.0,0.99,1.0,NA,NA,NA,NA,,3,830
NA,NA,NA,25.0,Config5,65.0,196,50.5,0.6481720324369908,12.36,258,253,217348273934900,217348280029600,5987930.0,1.215526,14,0.01,0.3,0.0015,0.99,0.999,1.0,0.99,1.0,NA,NA,NA,NA,,5,830
NA,NA,NA,25.0,Config4,55.50000000000001,66,48.5,0.7785854023049352,12.59,252,259,217341213563600,217341219624500,5855643.0,1.719198,16,0.01,0.3,0.0015,0.99,0.999,1.0,0.99,1.0,NA,NA,NA,NA,,4,830
NA,NA,NA,25.0,Config6,58.5,391,53.0,0.6090490571481424,11.42,278,233,217382661990400,217382667593300,5616117.5,1.388285,12,0.01,0.3,0.0015,0.99,0.999,1.0,0.99,1.0,NA,NA,NA,NA,,6,830
NA,NA,NA,25.0,Config3,59.0,202,55.50000000000001,0.6357307402810897,12.46,266,245,217362018473900,217362024396500,6175065.0,1.745857,20,0.01,0.3,0.0015,0.99,0.999,1.0,0.99,1.0,NA,NA,NA,NA,,3,830
NA,NA,NA,25.0,Config5,56.99999999999999,385,49.0,0.7134171527207307,12.95,274,237,217375744690000,217375750451700,5850424.5,1.339049,14,0.01,0.3,0.0015,0.99,0.999,1.0,0.99,1.0,NA,NA,NA,NA,,5,830
NA,NA,NA,25.0,Config4,55.00000000000001,53,51.5,0.6466971408716481,12.31,270,241,217368835518500,217368841171100,5729093.5,1.101743,16,0.01,0.3,0.0015,0.99,0.999,1.0,0.99,1.0,NA,NA,NA,NA,,4,830
NA,NA,NA,50.0,Config6,59.5,65,49.5,0.6474439743673234,12.59,250,261,218321162737800,218321168745000,6258214.5,1.447319,10,0.01,0.3,0.0015,0.99,0.999,1.0,0.99,1.0,NA,NA,NA,NA,,6,924
NA,NA,NA,50.0,Config5,57.49999999999999,65,49.5,0.7265386791030175,12.5,246,265,218314295317800,218314301773200,6556421.0,1.949874,12,0.01,0.3,0.0015,0.99,0.999,1.0,0.99,1.0,NA,NA,NA,NA,,5,924
NA,NA,NA,50.0,Config4,56.49999999999999,107,51.5,0.7194741561483907,12.73,242,269,218307297954500,218307304075500,6240835.5,1.385415,14,0.01,0.3,0.0015,0.99,0.999,1.0,0.99,1.0,NA,NA,NA,NA,,4,924
NA,NA,NA,50.0,Config3,57.99999999999999,269,51.5,0.6734206928252319,12.43,238,273,218300473630500,218300479219700,5720157.0,1.609362,16,0.01,0.3,0.0015,0.99,0.999,1.0,0.99,1.0,NA,NA,NA,NA,,3,924
NA,NA,NA,50.0,Config6,57.99999999999999,249,50.5,0.6619853774602487,12.41,266,245,218349279233700,218349287198200,6431937.5,1.276163,10,0.01,0.3,0.0015,0.99,0.999,1.0,0.99,1.0,NA,NA,NA,NA,,6,924
NA,NA,NA,50.0,Config5,57.99999999999999,14,50.5,0.6548530939097971,12.24,262,249,218342191219500,218342197817900,6482629.5,1.478202,12,0.01,0.3,0.0015,0.99,0.999,1.0,0.99,1.0,NA,NA,NA,NA,,5,924
NA,NA,NA,50.0,Config4,56.99999999999999,143,50.0,0.7132191656967812,12.47,258,253,218335266305200,218335272979500,7221740.0,1.515567,14,0.01,0.3,0.0015,0.99,0.999,1.0,0.99,1.0,NA,NA,NA,NA,,4,924
NA,NA,NA,50.0,Config3,57.99999999999999,40,51.5,0.7192279552716039,12.81,254,257,218327803652400,218327809691300,5744203.0,1.792205,16,0.01,0.3,0.0015,0.99,0.999,1.0,0.99,1.0,NA,NA,NA,NA,,3,924
NA,NA,NA,50.0,Config6,57.99999999999999,371,51.5,0.7326122016964753,11.94,284,227,218379102200400,218379108346700,6260705.0,1.609844,10,0.01,0.3,0.0015,0.99,0.999,1.0,0.99,1.0,NA,NA,NA,NA,,6,924
NA,NA,NA,50.0,Config5,55.00000000000001,15,49.0,0.6818686865682558,11.77,278,233,218372241941400,218372249410200,6852576.5,1.26654,12,0.01,0.3,0.0015,0.99,0.999,1.0,0.99,1.0,NA,NA,NA,NA,,5,924
NA,NA,NA,50.0,Config4,55.00000000000001,201,48.0,0.6563022932731027,12.57,274,237,218365092007300,218365098554100,7640455.0,1.442466,14,0.01,0.3,0.0015,0.99,0.999,1.0,0.99,1.0,NA,NA,NA,NA,,4,924
NA,NA,NA,50.0,Config3,59.5,245,55.00000000000001,0.647416850020798,12.02,270,241,218357165682500,218357172571800,7165699.0,1.773892,16,0.01,0.3,0.0015,0.99,0.999,1.0,0.99,1.0,NA,NA,NA,NA,,3,924
NA,NA,NA,75.0,Config6,56.99999999999999,206,46.0,0.6666952809413743,12.44,280,231,219501395565800,219501402082800,7193057.0,1.504535,8,0.01,0.3,0.0015,0.99,0.999,1.0,0.99,1.0,NA,NA,NA,NA,,6,1020
NA,NA,NA,75.0,Config5,58.5,375,56.00000000000001,0.550638507233969,12.05,274,237,219493339301700,219493346221200,7432240.0,1.338088,10,0.01,0.3,0.0015,0.99,0.999,1.0,0.99,1.0,NA,NA,NA,NA,,5,1020
NA,NA,NA,75.0,Config4,55.00000000000001,114,52.0,0.5997561765207705,12.39,270,241,219485419221200,219485427310300,7995298.0,1.291777,12,0.01,0.3,0.0015,0.99,0.999,1.0,0.99,1.0,NA,NA,NA,NA,,4,1020
NA,NA,NA,75.0,Config3,57.99999999999999,390,54.0,0.6000879216782935,11.67,266,245,219476987748300,219476997068000,8530552.0,1.554721,16,0.01,0.3,0.0015,0.99,0.999,1.0,0.99,1.0,NA,NA,NA,NA,,3,1020
NA,NA,NA,75.0,Config6,57.49999999999999,3,50.0,0.7107609272213226,12.67,298,213,219533649593100,219533656398700,6530939.5,1.760226,8,0.01,0.3,0.0015,0.99,0.999,1.0,0.99,1.0,NA,NA,NA,NA,,6,1020
NA,NA,NA,75.0,Config5,60.0,329,54.0,0.6891669762527672,12.77,292,219,219526225639700,219526233193200,8241540.5,1.9037,10,0.01,0.3,0.0015,0.99,0.999,1.0,0.99,1.0,NA,NA,NA,NA,,5,1020
NA,NA,NA,75.0,Config4,56.00000000000001,56,53.0,0.595258753600681,12.01,288,223,219517590575300,219517597693300,7213662.0,1.59309,12,0.01,0.3,0.0015,0.99,0.999,1.0,0.99,1.0,NA,NA,NA,NA,,4,1020
NA,NA,NA,75.0,Config3,59.5,155,52.5,0.6359954308225678,12.6,284,227,219509859187000,219509866956300,8148589.0,1.563546,16,0.01,0.3,0.0015,0.99,0.999,1.0,0.99,1.0,NA,NA,NA,NA,,3,1020
NA,NA,NA,75.0,Config6,58.5,29,46.5,0.7750334984107845,12.25,14,497,219567119541300,219567126245600,7071825.0,2.169832,8,0.01,0.3,0.0015,0.99,0.999,1.0,0.99,1.0,NA,NA,NA,NA,,6,1020
NA,NA,NA,75.0,Config5,57.49999999999999,47,48.0,0.6961306093868207,12.55,10,501,219558974285600,219558982296600,7823325.5,1.446367,10,0.01,0.3,0.0015,0.99,0.999,1.0,0.99,1.0,NA,NA,NA,NA,,5,1020
NA,NA,NA,75.0,Config4,56.49999999999999,3,54.50000000000001,0.6027123534239428,12.56,6,505,219550542170100,219550549294000,7831151.0,1.637464,12,0.01,0.3,0.0015,0.99,0.999,1.0,0.99,1.0,NA,NA,NA,NA,,4,1020
NA,NA,NA,75.0,Config3,55.50000000000001,190,47.5,0.74900365493856,12.51,6,505,183334311495200,183334317038800,5806480.0,1.889621,14,0.01,0.3,0.0015,0.99,0.999,1.0,0.99,1.0,NA,NA,NA,NA,,3,1020
NA,NA,NA,75.0,Config3,57.99999999999999,73,46.0,0.7926696993128786,12.42,302,209,219542035314700,219542043268600,8199992.0,1.627473,16,0.01,0.3,0.0015,0.99,0.999,1.0,0.99,1.0,NA,NA,NA,NA,,3,1028
22,2,22N-5N-5N-5N-5N-5N-5N-5N-2N,25.0,Config6,52.0,40,47.0,0.6574314715117834,12.41,126,385,114641923866600,114641928627100,5669520.5,1.417962,10,0.01,0.3,0.0015,0.99,0.999,1.0,0.99,1.0,9,59,"[22, 5, 5, 5, 5, 5, 5, 5, 2]",22n-5n-5n-5n-5n-5n-5n-5n-2o,,647,718
22,2,22N-6N-6N-6N-6N-6N-6N-6N-2N,25.0,Config6,53.5,170,50.0,0.6508266251020958,12.41,126,385,135553418892100,135553425682600,7646310.0,0.969835,12,0.01,0.3,0.0015,0.99,0.999,1.0,0.99,1.0,9,66,"[22, 6, 6, 6, 6, 6, 6, 6, 2]",22n-6n-6n-6n-6n-6n-6n-6n-2o,,789,718
22,2,22N-6N-6N-6N-6N-6N-6N-2N-22N-6N-6N-6N-6N-6N-6N-2N-22N-6N-6N-6N-6N-6N-6N-2N-22N-6N-6N-6N-6N-6N-6N-2N,25.0,Config5,57.99999999999999,0,49.5,0.580940508733123,11.8,122,389,114634970445300,114634976072200,6160948.0,1.143807,12,0.01,0.3,0.0015,0.99,0.999,1.0,0.99,1.0,32,240,"[22, 6, 6, 6, 6, 6, 6, 2, 22, 6, 6, 6, 6, 6, 6, 2, 22, 6, 6, 6, 6, 6, 6, 2, 22, 6, 6, 6, 6, 6, 6, 2]",22n-6n-6n-6n-6n-6n-6n-2o,,701,718
22,2,22N-7N-7N-7N-7N-7N-2N-22N-7N-7N-7N-7N-7N-2N-22N-7N-7N-7N-7N-7N-2N-22N-7N-7N-7N-7N-7N-2N,25.0,Config4,58.5,59,48.0,0.6908797226694743,12.48,118,393,114627931555900,114627938917100,5850986.0,1.50589,14,0.01,0.3,0.0015,0.99,0.999,1.0,0.99,1.0,28,236,"[22, 7, 7, 7, 7, 7, 2, 22, 7, 7, 7, 7, 7, 2, 22, 7, 7, 7, 7, 7, 2, 22, 7, 7, 7, 7, 7, 2]",22n-7n-7n-7n-7n-7n-2o,,709,718
22,2,22N-8N-8N-8N-8N-2N-22N-8N-8N-8N-8N-2N-22N-8N-8N-8N-8N-2N,25.0,Config3,56.49999999999999,402,51.5,0.6316123037862732,12.54,114,397,114621103876000,114621108962800,5879391.5,1.673982,16,0.01,0.3,0.0015,0.99,0.999,1.0,0.99,1.0,18,168,"[22, 8, 8, 8, 8, 2, 22, 8, 8, 8, 8, 2, 22, 8, 8, 8, 8, 2]",22n-8n-8n-8n-8n-2o,,684,718
22,2,22N-9N-9N-9N-9N-2N,25.0,Config3,54.50000000000001,51,50.0,0.622923599839468,12.76,136,375,90302820042300,90302826618900,6742537.5,1.271876,18,0.01,0.3,0.0015,0.99,0.999,1.0,0.99,1.0,6,60,"[22, 9, 9, 9, 9, 2]",22n-9n-9n-9n-9n-2o,,737,718
22,2,22N-10N-10N-10N-2N-22N-10N-10N-10N-2N-22N-10N-10N-10N-2N,25.0,Config2,56.49999999999999,461,53.0,0.6327339848638267,12.48,110,401,114614002709400,114614008655900,5803526.0,1.498199,20,0.01,0.3,0.0015,0.99,0.999,1.0,0.99,1.0,15,162,"[22, 10, 10, 10, 2, 22, 10, 10, 10, 2, 22, 10, 10, 10, 2]",22n-10n-10n-10n-2o,,688,718
22,2,22N-11N-11N-11N-2N,25.0,Config2,56.00000000000001,65,47.5,0.7619556097507986,12.22,134,377,90296702187900,90296708004300,6349815.0,1.697694,22,0.01,0.3,0.0015,0.99,0.999,1.0,0.99,1.0,5,57,"[22, 11, 11, 11, 2]",22n-11n-11n-11n-2o,,742,718
22,2,22N-14N-14N-2N-22N-14N-14N-2N-22N-14N-14N-2N-22N-14N-14N-2N,25.0,Config1,55.00000000000001,698,46.5,0.5907683189123769,12.34,108,403,114607086717800,114607091383500,5311878.0,1.008643,28,0.01,0.3,0.0015,0.99,0.999,1.0,0.99,1.0,16,208,"[22, 14, 14, 2, 22, 14, 14, 2, 22, 14, 14, 2, 22, 14, 14, 2]",22n-14n-14n-2o,,699,718
22,2,22N-5N-5N-5N-5N-5N-5N-5N-2N,25.0,Config6,53.5,125,50.0,0.7180902825625742,12.55,18,493,90348320713700,90348326670600,5070210.0,1.382901,10,0.01,0.3,0.0015,0.99,0.999,1.0,0.99,1.0,9,59,"[22, 5, 5, 5, 5, 5, 5, 5, 2]",22n-5n-5n-5n-5n-5n-5n-5n-2o,,683,718
22,2,22N-6N-6N-6N-6N-6N-6N-6N-2N-22N-6N-6N-6N-6N-6N-6N-6N-2N,25.0,Config6,56.99999999999999,3,46.5,0.7080972381027911,12.32,150,361,114683233634700,114683240288100,7150100.5,1.437415,12,0.01,0.3,0.0015,0.99,0.999,1.0,0.99,1.0,18,132,"[22, 6, 6, 6, 6, 6, 6, 6, 2, 22, 6, 6, 6, 6, 6, 6, 6, 2]",22n-6n-6n-6n-6n-6n-6n-6n-2o,,786,718
22,2,22N-6N-6N-6N-6N-6N-6N-2N-22N-6N-6N-6N-6N-6N-6N-2N-22N-6N-6N-6N-6N-6N-6N-2N-22N-6N-6N-6N-6N-6N-6N-2N,25.0,Config5,62.0,369,51.5,0.5604162675480928,12.44,144,367,114675900405800,114675905842100,5911083.0,1.277646,12,0.01,0.3,0.0015,0.99,0.999,1.0,0.99,1.0,32,240,"[22, 6, 6, 6, 6, 6, 6, 2, 22, 6, 6, 6, 6, 6, 6, 2, 22, 6, 6, 6, 6, 6, 6, 2, 22, 6, 6, 6, 6, 6, 6, 2]",22n-6n-6n-6n-6n-6n-6n-2o,,688,718
22,2,22N-7N-7N-7N-7N-7N-2N-22N-7N-7N-7N-7N-7N-2N-22N-7N-7N-7N-7N-7N-2N-22N-7N-7N-7N-7N-7N-2N,25.0,Config4,60.0,327,43.5,0.7223461624133901,12.59,140,371,114669018719000,114669024118000,5856443.5,1.263382,14,0.01,0.3,0.0015,0.99,0.999,1.0,0.99,1.0,28,236,"[22, 7, 7, 7, 7, 7, 2, 22, 7, 7, 7, 7, 7, 2, 22, 7, 7, 7, 7, 7, 2, 22, 7, 7, 7, 7, 7, 2]",22n-7n-7n-7n-7n-7n-2o,,686,718
22,2,22N-8N-8N-8N-8N-2N-22N-8N-8N-8N-8N-2N-22N-8N-8N-8N-8N-2N,25.0,Config3,59.5,579,51.5,0.6215125673167288,12.41,136,375,114662201550200,114662206740000,5654172.0,1.301894,16,0.01,0.3,0.0015,0.99,0.999,1.0,0.99,1.0,18,168,"[22, 8, 8, 8, 8, 2, 22, 8, 8, 8, 8, 2, 22, 8, 8, 8, 8, 2]",22n-8n-8n-8n-8n-2o,,691,718
22,2,22N-9N-9N-9N-9N-2N,25.0,Config3,53.0,52,44.0,0.7256134341971472,11.97,10,501,131378750610300,131378756996900,6178307.0,1.400313,18,0.01,0.3,0.0015,0.99,0.999,1.0,0.99,1.0,6,60,"[22, 9, 9, 9, 9, 2]",22n-9n-9n-9n-9n-2o,,745,718
22,2,22N-10N-10N-10N-2N-22N-10N-10N-10N-2N-22N-10N-10N-10N-2N,25.0,Config2,59.5,326,52.0,0.6424919476083653,12.42,134,377,114655501378000,114655507710900,5548322.5,1.720847,20,0.01,0.3,0.0015,0.99,0.999,1.0,0.99,1.0,15,162,"[22, 10, 10, 10, 2, 22, 10, 10, 10, 2, 22, 10, 10, 10, 2]",22n-10n-10n-10n-2o,,686,718
22,2,22N-11N-11N-11N-2N,25.0,Config2,57.99999999999999,84,50.0,0.7064116156876872,12.47,4,507,131372850359700,131372856464600,6015315.0,1.458931,22,0.01,0.3,0.0015,0.99,0.999,1.0,0.99,1.0,5,57,"[22, 11, 11, 11, 2]",22n-11n-11n-11n-2o,,748,718
22,2,22N-14N-14N-2N-22N-14N-14N-2N-22N-14N-14N-2N-22N-14N-14N-2N,25.0,Config1,59.5,501,53.5,0.5901911607651205,11.62,130,381,114648823015400,114648828236400,5903719.5,1.175521,28,0.01,0.3,0.0015,0.99,0.999,1.0,0.99,1.0,16,208,"[22, 14, 14, 2, 22, 14, 14, 2, 22, 14, 14, 2, 22, 14, 14, 2]",22n-14n-14n-2o,,707,718
22,2,22N-5N-5N-5N-5N-5N-5N-5N-2N,25.0,Config6,56.49999999999999,7,49.5,0.6762773451795661,12.59,16,495,135622241573500,135622246753100,5367479.5,1.029215,10,0.01,0.3,0.0015,0.99,0.999,1.0,0.99,1.0,9,59,"[22, 5, 5, 5, 5, 5, 5, 5, 2]",22n-5n-5n-5n-5n-5n-5n-5n-2o,,667,718
22,2,22N-6N-6N-6N-6N-6N-6N-6N-2N,25.0,Config6,56.00000000000001,192,50.5,0.6167033720853081,12.57,20,491,114724690682300,114724697706800,7406966.0,1.349316,12,0.01,0.3,0.0015,0.99,0.999,1.0,0.99,1.0,9,66,"[22, 6, 6, 6, 6, 6, 6, 6, 2]",22n-6n-6n-6n-6n-6n-6n-6n-2o,,780,718
22,2,22N-6N-6N-6N-6N-6N-6N-2N-22N-6N-6N-6N-6N-6N-6N-2N-22N-6N-6N-6N-6N-6N-6N-2N-22N-6N-6N-6N-6N-6N-6N-2N,25.0,Config5,61.5,71,52.0,0.6184065088418367,12.47,16,495,114717208749300,114717214369200,5888222.0,1.189885,12,0.01,0.3,0.0015,0.99,0.999,1.0,0.99,1.0,32,240,"[22, 6, 6, 6, 6, 6, 6, 2, 22, 6, 6, 6, 6, 6, 6, 2, 22, 6, 6, 6, 6, 6, 6, 2, 22, 6, 6, 6, 6, 6, 6, 2]",22n-6n-6n-6n-6n-6n-6n-2o,,698,718
22,2,22N-7N-7N-7N-7N-7N-2N-22N-7N-7N-7N-7N-7N-2N-22N-7N-7N-7N-7N-7N-2N-22N-7N-7N-7N-7N-7N-2N,25.0,Config4,62.5,726,53.0,0.5821189182219195,12.22,12,499,114710512686400,114710518037200,6561603.0,1.469809,14,0.01,0.3,0.0015,0.99,0.999,1.0,0.99,1.0,28,236,"[22, 7, 7, 7, 7, 7, 2, 22, 7, 7, 7, 7, 7, 2, 22, 7, 7, 7, 7, 7, 2, 22, 7, 7, 7, 7, 7, 2]",22n-7n-7n-7n-7n-7n-2o,,710,718
22,2,22N-8N-8N-8N-8N-2N-22N-8N-8N-8N-8N-2N-22N-8N-8N-8N-8N-2N-22N-8N-8N-8N-8N-2N,25.0,Config3,56.49999999999999,698,54.0,0.708910266312798,11.82,8,503,114703251409800,114703256339700,5726833.5,1.783256,16,0.01,0.3,0.0015,0.99,0.999,1.0,0.99,1.0,24,224,"[22, 8, 8, 8, 8, 2, 22, 8, 8, 8, 8, 2, 22, 8, 8, 8, 8, 2, 22, 8, 8, 8, 8, 2]",22n-8n-8n-8n-8n-2o,,689,718
22,2,22N-10N-10N-10N-2N-22N-10N-10N-10N-2N-22N-10N-10N-10N-2N,25.0,Config2,61.0,71,54.0,0.5768434841539247,12.23,4,507,114696542008400,114696546692000,5383955.5,1.06496,20,0.01,0.3,0.0015,0.99,0.999,1.0,0.99,1.0,15,162,"[22, 10, 10, 10, 2, 22, 10, 10, 10, 2, 22, 10, 10, 10, 2]",22n-10n-10n-10n-2o,,683,718
22,2,22N-11N-11N-11N-2N,25.0,Config2,54.0,115,48.0,0.7190792491440192,12.28,24,487,90359548928500,90359554646000,6468175.0,1.499489,22,0.01,0.3,0.0015,0.99,0.999,1.0,0.99,1.0,5,57,"[22, 11, 11, 11, 2]",22n-11n-11n-11n-2o,,735,718
22,2,22N-14N-14N-2N-22N-14N-14N-2N-22N-14N-14N-2N-22N-14N-14N-2N,25.0,Config1,58.5,231,46.0,0.6926624919495421,12.42,152,359,114689937728100,114689943648100,5667935.5,1.251063,28,0.01,0.3,0.0015,0.99,0.999,1.0,0.99,1.0,16,208,"[22, 14, 14, 2, 22, 14, 14, 2, 22, 14, 14, 2, 22, 14, 14, 2]",22n-14n-14n-2o,,706,718
NA,NA,NA,0.0,Config6,59.0,330,55.00000000000001,0.526780525524928,12.45,16,495,215386419504200,215386424341700,4946853.5,0.617108,16,0.01,0.3,0.0015,0.99,0.999,1.0,0.99,1.0,NA,NA,NA,NA,,6,718
NA,NA,NA,0.0,Config4,60.0,354,54.0,0.5601844596872914,12.63,8,503,215372844436800,215372850002800,5358639.0,0.844444,20,0.01,0.3,0.0015,0.99,0.999,1.0,0.99,1.0,NA,NA,NA,NA,,4,718
NA,NA,NA,0.0,Config3,56.00000000000001,231,49.0,0.7053597460742617,12.4,4,507,215365901362400,215365906939100,5415329.5,1.449958,22,0.01,0.3,0.0015,0.99,0.999,1.0,0.99,1.0,NA,NA,NA,NA,,3,718
NA,NA,NA,0.0,Config5,60.5,39,52.5,0.561339890153267,12.57,12,499,215379663782800,215379668795800,5156780.5,1.230356,18,0.01,0.3,0.0015,0.99,0.999,1.0,0.99,1.0,NA,NA,NA,NA,,5,718
NA,NA,NA,0.0,Config6,56.99999999999999,131,48.0,0.5724248250477304,12.59,34,477,215413554512600,215413559248500,4948786.5,1.088253,16,0.01,0.3,0.0015,0.99,0.999,1.0,0.99,1.0,NA,NA,NA,NA,,6,718
NA,NA,NA,0.0,Config4,56.49999999999999,46,48.0,0.6434208517414517,11.99,24,487,215399891577500,215399896733300,5259636.5,1.076257,20,0.01,0.3,0.0015,0.99,0.999,1.0,0.99,1.0,NA,NA,NA,NA,,4,718
NA,NA,NA,0.0,Config3,56.49999999999999,258,49.0,0.663840066783945,12.5,20,491,215393054310800,215393059139400,4911885.5,1.246116,22,0.01,0.3,0.0015,0.99,0.999,1.0,0.99,1.0,NA,NA,NA,NA,,3,718
NA,NA,NA,0.0,Config5,57.99999999999999,177,49.5,0.6036482318541931,12.53,28,483,215406857162500,215406862472400,5360761.0,0.959807,18,0.01,0.3,0.0015,0.99,0.999,1.0,0.99,1.0,NA,NA,NA,NA,,5,718
NA,NA,NA,0.0,Config6,62.5,20,53.0,0.5356661713625313,12.5,50,461,215441228162500,215441233029000,5031730.5,0.842816,16,0.01,0.3,0.0015,0.99,0.999,1.0,0.99,1.0,NA,NA,NA,NA,,6,718
NA,NA,NA,0.0,Config4,57.99999999999999,337,57.49999999999999,0.5819911903580981,12.47,42,469,215427019354900,215427025086300,5335845.0,1.190716,20,0.01,0.3,0.0015,0.99,0.999,1.0,0.99,1.0,NA,NA,NA,NA,,4,718
NA,NA,NA,0.0,Config3,55.50000000000001,370,48.5,0.6833415081858943,12.53,38,473,215420121822300,215420126768700,4901048.0,1.384417,22,0.01,0.3,0.0015,0.99,0.999,1.0,0.99,1.0,NA,NA,NA,NA,,3,718
NA,NA,NA,0.0,Config5,59.0,317,52.5,0.6278373179191057,12.81,46,465,215434489508100,215434494499000,5923751.0,0.955102,18,0.01,0.3,0.0015,0.99,0.999,1.0,0.99,1.0,NA,NA,NA,NA,,5,718
NA,NA,NA,10.0,Config6,57.99999999999999,256,50.5,0.580799395456436,12.09,258,253,216430232623100,216430237465800,5069083.0,1.434574,14,0.01,0.3,0.0015,0.99,0.999,1.0,0.99,1.0,NA,NA,NA,NA,,6,762
NA,NA,NA,10.0,Config3,57.49999999999999,264,49.5,0.5999331530403019,12.44,244,267,216409834430200,216409839244500,5017248.0,1.219614,20,0.01,0.3,0.0015,0.99,0.999,1.0,0.99,1.0,NA,NA,NA,NA,,3,762
NA,NA,NA,10.0,Config5,57.99999999999999,165,47.0,0.6866584489966924,12.56,254,257,216423667325900,216423672938500,5835531.0,1.145773,16,0.01,0.3,0.0015,0.99,0.999,1.0,0.99,1.0,NA,NA,NA,NA,,5,762
NA,NA,NA,10.0,Config4,57.99999999999999,276,53.0,0.6496122878265618,12.41,248,263,216416507673200,216416512722100,5261510.5,1.103122,18,0.01,0.3,0.0015,0.99,0.999,1.0,0.99,1.0,NA,NA,NA,NA,,4,762
NA,NA,NA,10.0,Config6,55.00000000000001,11,48.0,0.5993800913539887,12.54,10,501,216456747177300,216456752186100,5130627.5,1.121474,14,0.01,0.3,0.0015,0.99,0.999,1.0,0.99,1.0,NA,NA,NA,NA,,6,762
NA,NA,NA,10.0,Config3,56.99999999999999,316,50.5,0.6733892082945743,12.35,262,249,216436646823100,216436651853300,4866602.0,1.449349,20,0.01,0.3,0.0015,0.99,0.999,1.0,0.99,1.0,NA,NA,NA,NA,,3,762
NA,NA,NA,10.0,Config5,56.00000000000001,282,48.0,0.6457173861249192,12.49,6,505,216450121263000,216450126626400,5598457.0,1.064379,16,0.01,0.3,0.0015,0.99,0.999,1.0,0.99,1.0,NA,NA,NA,NA,,5,762
NA,NA,NA,10.0,Config4,56.00000000000001,137,53.5,0.6460267274309079,12.53,266,245,216443282147600,216443287150500,5301784.5,1.267466,18,0.01,0.3,0.0015,0.99,0.999,1.0,0.99,1.0,NA,NA,NA,NA,,4,762
NA,NA,NA,10.0,Config6,54.0,56,48.5,0.6425338090238626,12.63,28,483,216483295091500,216483299971200,5254900.0,1.322327,14,0.01,0.3,0.0015,0.99,0.999,1.0,0.99,1.0,NA,NA,NA,NA,,6,762
NA,NA,NA,10.0,Config3,60.0,382,57.49999999999999,0.6224190783058021,12.52,14,497,216463103776400,216463108372600,4732112.0,1.378272,20,0.01,0.3,0.0015,0.99,0.999,1.0,0.99,1.0,NA,NA,NA,NA,,3,762
NA,NA,NA,10.0,Config5,57.99999999999999,375,54.50000000000001,0.5882309312855657,12.35,22,489,216476600604200,216476605744500,5442978.0,1.093867,16,0.01,0.3,0.0015,0.99,0.999,1.0,0.99,1.0,NA,NA,NA,NA,,5,762
NA,NA,NA,10.0,Config4,56.49999999999999,191,47.5,0.6700169051769599,12.53,18,493,216469791001600,216469796594700,5375798.0,1.39518,18,0.01,0.3,0.0015,0.99,0.999,1.0,0.99,1.0,NA,NA,NA,NA,,4,762
NA,NA,NA,100.0,Config6,57.99999999999999,10,51.0,0.5938741933394166,12.38,76,435,220919267682500,220919275913800,8685400.5,1.564136,8,0.01,0.3,0.0015,0.99,0.999,1.0,0.99,1.0,NA,NA,NA,NA,,6,1146
NA,NA,NA,100.0,Config5,56.00000000000001,33,48.5,0.7107952259961701,12.78,72,439,220909974239200,220909985857000,9254171.5,1.628928,10,0.01,0.3,0.0015,0.99,0.999,1.0,0.99,1.0,NA,NA,NA,NA,,5,1146
NA,NA,NA,100.0,Config4,60.0,90,55.00000000000001,0.6304799636669318,11.65,68,443,220900425820000,220900436450100,9388480.5,1.791774,12,0.01,0.3,0.0015,0.99,0.999,1.0,0.99,1.0,NA,NA,NA,NA,,4,1146
NA,NA,NA,100.0,Config3,56.49999999999999,225,46.0,0.7546511690052837,12.56,64,447,220890616548300,220890626018000,7754145.0,1.384079,14,0.01,0.3,0.0015,0.99,0.999,1.0,0.99,1.0,NA,NA,NA,NA,,3,1146
NA,NA,NA,100.0,Config6,54.50000000000001,111,53.0,0.7358955530974728,12.37,94,417,220958813578000,220958822887400,9527509.0,1.641027,8,0.01,0.3,0.0015,0.99,0.999,1.0,0.99,1.0,NA,NA,NA,NA,,6,1146
NA,NA,NA,100.0,Config5,55.50000000000001,104,50.0,0.5970924087798996,12.07,90,421,220948858838300,220948868400500,10980927.0,1.151434,10,0.01,0.3,0.0015,0.99,0.999,1.0,0.99,1.0,NA,NA,NA,NA,,5,1146
NA,NA,NA,100.0,Config4,55.50000000000001,170,46.0,0.8200646288531579,12.52,86,425,220937774580300,220937786722300,9394643.5,1.555469,12,0.01,0.3,0.0015,0.99,0.999,1.0,0.99,1.0,NA,NA,NA,NA,,4,1146
NA,NA,NA,100.0,Config3,57.99999999999999,202,55.50000000000001,0.6443707405267726,12.4,80,431,220928076601600,220928085285500,7842509.0,1.533497,14,0.01,0.3,0.0015,0.99,0.999,1.0,0.99,1.0,NA,NA,NA,NA,,3,1146
NA,NA,NA,100.0,Config6,59.0,329,55.50000000000001,0.6563946400972874,11.61,112,399,220996488728100,220996496548400,8695111.0,1.576428,8,0.01,0.3,0.0015,0.99,0.999,1.0,0.99,1.0,NA,NA,NA,NA,,6,1146
NA,NA,NA,100.0,Config5,60.5,350,58.5,0.6139481865459554,12.75,108,403,220987235580600,220987243882600,9152122.5,1.285894,10,0.01,0.3,0.0015,0.99,0.999,1.0,0.99,1.0,NA,NA,NA,NA,,5,1146
NA,NA,NA,100.0,Config4,56.99999999999999,15,52.5,0.7024455161048317,12.04,102,409,220977888362300,220977898171100,9262926.0,2.015316,12,0.01,0.3,0.0015,0.99,0.999,1.0,0.99,1.0,NA,NA,NA,NA,,4,1146
NA,NA,NA,100.0,Config3,56.49999999999999,391,53.5,0.6979728776625178,12.38,98,413,220968235652300,220968268788700,8625209.0,1.515167,14,0.01,0.3,0.0015,0.99,0.999,1.0,0.99,1.0,NA,NA,NA,NA,,3,1146
NA,NA,NA,25.0,Config6,56.49999999999999,85,46.5,0.746091875353312,12.46,296,215,217410050091600,217410056844500,6001332.0,1.48043,12,0.01,0.3,0.0015,0.99,0.999,1.0,0.99,1.0,NA,NA,NA,NA,,6,830
NA,NA,NA,25.0,Config3,54.50000000000001,4,48.0,0.7092358324918929,12.47,282,229,217389406974300,217389412471400,5712349.5,1.439984,20,0.01,0.3,0.0015,0.99,0.999,1.0,0.99,1.0,NA,NA,NA,NA,,3,830
NA,NA,NA,25.0,Config5,54.50000000000001,6,49.0,0.8034752933760483,12.37,290,221,217402979208200,217402985128100,5797843.0,1.521211,14,0.01,0.3,0.0015,0.99,0.999,1.0,0.99,1.0,NA,NA,NA,NA,,5,830
NA,NA,NA,25.0,Config4,58.5,247,50.0,0.6960686638880429,11.95,286,225,217396208686100,217396214522600,5629238.0,1.467172,16,0.01,0.3,0.0015,0.99,0.999,1.0,0.99,1.0,NA,NA,NA,NA,,4,830
NA,NA,NA,25.0,Config6,61.0,322,56.99999999999999,0.5631453949253055,12.78,12,499,217436923249000,217436928680400,5482876.0,1.412232,12,0.01,0.3,0.0015,0.99,0.999,1.0,0.99,1.0,NA,NA,NA,NA,,6,830
NA,NA,NA,25.0,Config3,56.00000000000001,69,49.5,0.6898527303400378,12.35,300,211,217416927176400,217416933335700,6017398.5,1.379207,20,0.01,0.3,0.0015,0.99,0.999,1.0,0.99,1.0,NA,NA,NA,NA,,3,830
NA,NA,NA,25.0,Config5,57.99999999999999,77,49.5,0.6052424785989438,12.5,8,503,217430303305100,217430308863400,5702200.5,1.501145,14,0.01,0.3,0.0015,0.99,0.999,1.0,0.99,1.0,NA,NA,NA,NA,,5,830
NA,NA,NA,25.0,Config4,56.49999999999999,7,47.5,0.6914557886944356,12.56,4,507,217423600622700,217423605999800,5506793.0,1.503644,16,0.01,0.3,0.0015,0.99,0.999,1.0,0.99,1.0,NA,NA,NA,NA,,4,830
NA,NA,NA,25.0,Config6,57.49999999999999,79,51.0,0.6071636230995989,11.9,28,483,217464340198900,217464345620000,5482457.5,1.122202,12,0.01,0.3,0.0015,0.99,0.999,1.0,0.99,1.0,NA,NA,NA,NA,,6,830
NA,NA,NA,25.0,Config3,55.00000000000001,225,50.0,0.7454762869601684,12.5,16,495,217443692055900,217443698158100,5854710.5,1.260172,20,0.01,0.3,0.0015,0.99,0.999,1.0,0.99,1.0,NA,NA,NA,NA,,3,830
NA,NA,NA,25.0,Config5,60.5,397,49.5,0.6494728961361781,12.72,24,487,217457656301800,217457662005200,6047804.5,1.327891,14,0.01,0.3,0.0015,0.99,0.999,1.0,0.99,1.0,NA,NA,NA,NA,,5,830
NA,NA,NA,25.0,Config4,55.50000000000001,396,53.0,0.6155804032605233,12.14,20,491,217450590622900,217450596858100,5726680.5,1.175125,16,0.01,0.3,0.0015,0.99,0.999,1.0,0.99,1.0,NA,NA,NA,NA,,4,830
NA,NA,NA,50.0,Config6,57.99999999999999,306,53.5,0.682702143261248,12.47,300,211,218407284433200,218407290713600,6835535.0,1.711366,10,0.01,0.3,0.0015,0.99,0.999,1.0,0.99,1.0,NA,NA,NA,NA,,6,924
NA,NA,NA,50.0,Config5,54.50000000000001,147,49.5,0.7008318212073612,11.97,296,215,218400022706000,218400030011700,7433292.5,1.591515,12,0.01,0.3,0.0015,0.99,0.999,1.0,0.99,1.0,NA,NA,NA,NA,,5,924
NA,NA,NA,50.0,Config4,57.99999999999999,153,47.5,0.7097219235334086,12.68,292,219,218392461559000,218392467483400,6025103.0,1.323841,14,0.01,0.3,0.0015,0.99,0.999,1.0,0.99,1.0,NA,NA,NA,NA,,4,924
NA,NA,NA,50.0,Config3,58.5,82,47.0,0.7264119128106594,12.66,288,223,218385702208100,218385707815100,5647889.5,1.710957,16,0.01,0.3,0.0015,0.99,0.999,1.0,0.99,1.0,NA,NA,NA,NA,,3,924
NA,NA,NA,50.0,Config6,60.5,196,51.0,0.6726027723913797,12.19,18,493,218434594199700,218434600756500,6337701.5,1.379006,10,0.01,0.3,0.0015,0.99,0.999,1.0,0.99,1.0,NA,NA,NA,NA,,6,924
NA,NA,NA,50.0,Config5,56.00000000000001,162,47.0,0.7283450797701334,12.07,12,499,218427707202400,218427713853200,6562895.5,1.595578,12,0.01,0.3,0.0015,0.99,0.999,1.0,0.99,1.0,NA,NA,NA,NA,,5,924
NA,NA,NA,50.0,Config4,56.99999999999999,212,42.5,0.757775272938832,12.28,8,503,218420744202600,218420750424400,6471208.0,1.832884,14,0.01,0.3,0.0015,0.99,0.999,1.0,0.99,1.0,NA,NA,NA,NA,,4,924
NA,NA,NA,50.0,Config3,54.50000000000001,203,50.0,0.679027533849133,12.32,4,507,218413761065100,218413766370400,5532517.5,1.73669,16,0.01,0.3,0.0015,0.99,0.999,1.0,0.99,1.0,NA,NA,NA,NA,,3,924
NA,NA,NA,50.0,Config6,56.49999999999999,182,44.0,0.7307669983224991,12.88,34,477,218462278901000,218462286695000,6514677.5,1.328668,10,0.01,0.3,0.0015,0.99,0.999,1.0,0.99,1.0,NA,NA,NA,NA,,6,924
NA,NA,NA,50.0,Config5,60.0,302,49.5,0.664808153413603,12.38,30,481,218455205082600,218455211625300,6828535.5,1.248814,12,0.01,0.3,0.0015,0.99,0.999,1.0,0.99,1.0,NA,NA,NA,NA,,5,924
NA,NA,NA,50.0,Config4,60.5,50,46.5,0.7675510378945277,12.62,26,485,218448079014900,218448085903100,6322173.0,1.340309,14,0.01,0.3,0.0015,0.99,0.999,1.0,0.99,1.0,NA,NA,NA,NA,,4,924
NA,NA,NA,50.0,Config3,57.99999999999999,272,52.5,0.6693904511646005,12.51,22,489,218441195955300,218441201873500,5648908.0,1.749485,16,0.01,0.3,0.0015,0.99,0.999,1.0,0.99,1.0,NA,NA,NA,NA,,3,924
NA,NA,NA,75.0,Config6,56.00000000000001,16,48.0,0.703307400432818,12.44,32,479,219600253181900,219600260001600,6239947.0,1.384745,8,0.01,0.3,0.0015,0.99,0.999,1.0,0.99,1.0,NA,NA,NA,NA,,6,1020
NA,NA,NA,75.0,Config5,56.49999999999999,42,49.5,0.7677875999092342,12.41,28,483,219593013425100,219593020306000,7014939.5,1.642274,10,0.01,0.3,0.0015,0.99,0.999,1.0,0.99,1.0,NA,NA,NA,NA,,5,1020
NA,NA,NA,75.0,Config4,56.49999999999999,146,50.0,0.7675981953983856,12.15,24,487,219585370262700,219585378970300,9345112.0,1.325937,12,0.01,0.3,0.0015,0.99,0.999,1.0,0.99,1.0,NA,NA,NA,NA,,4,1020
NA,NA,NA,75.0,Config3,53.5,7,48.0,0.7766161799886246,11.26,20,491,219575115165100,219575121803100,7069157.0,1.581808,14,0.01,0.3,0.0015,0.99,0.999,1.0,0.99,1.0,NA,NA,NA,NA,,3,1028
NA,NA,NA,75.0,Config3,53.0,145,52.5,0.740880445238409,12.26,24,487,183361570158000,183361577240200,6986571.5,1.421797,16,0.01,0.3,0.0015,0.99,0.999,1.0,0.99,1.0,NA,NA,NA,NA,,3,1020
NA,NA,NA,75.0,Config6,56.99999999999999,224,50.0,0.611668412270895,12.34,50,461,219633936244400,219633943090600,6997175.5,1.536998,8,0.01,0.3,0.0015,0.99,0.999,1.0,0.99,1.0,NA,NA,NA,NA,,6,1020
NA,NA,NA,75.0,Config5,62.5,152,46.5,0.741226939267721,12.52,46,465,219626017112700,219626023990900,7357543.5,1.632302,10,0.01,0.3,0.0015,0.99,0.999,1.0,0.99,1.0,NA,NA,NA,NA,,5,1020
NA,NA,NA,75.0,Config4,57.99999999999999,243,55.00000000000001,0.6351502452895619,12.37,42,469,219618122202700,219618130161800,8069298.0,1.963121,12,0.01,0.3,0.0015,0.99,0.999,1.0,0.99,1.0,NA,NA,NA,NA,,4,1020
NA,NA,NA,75.0,Config3,58.5,20,46.5,0.6809946049286779,12.52,42,469,183388975064000,183388980675500,6099050.5,1.719026,14,0.01,0.3,0.0015,0.99,0.999,1.0,0.99,1.0,NA,NA,NA,NA,,3,1020
NA,NA,NA,75.0,Config3,55.50000000000001,5,55.00000000000001,0.6938276237922198,12.07,38,473,219609285004000,219609296158800,8972175.5,1.703106,16,0.01,0.3,0.0015,0.99,0.999,1.0,0.99,1.0,NA,NA,NA,NA,,3,1028
NA,NA,NA,75.0,Config6,56.00000000000001,227,52.0,0.6721666233179617,12.43,70,441,219668357502000,219668363842100,6704055.5,1.595608,8,0.01,0.3,0.0015,0.99,0.999,1.0,0.99,1.0,NA,NA,NA,NA,,6,1020
NA,NA,NA,75.0,Config5,56.49999999999999,139,53.5,0.6910668614298736,12.29,64,447,219660767015700,219660775027900,7888457.0,1.569761,10,0.01,0.3,0.0015,0.99,0.999,1.0,0.99,1.0,NA,NA,NA,NA,,5,1020
NA,NA,NA,75.0,Config4,60.5,114,47.5,0.7495569732936996,12.45,58,453,219652204031200,219652211773400,8518356.0,1.407474,12,0.01,0.3,0.0015,0.99,0.999,1.0,0.99,1.0,NA,NA,NA,NA,,4,1020
NA,NA,NA,75.0,Config3,59.0,68,50.0,0.6864336593326176,10.31,54,457,219643185089800,219643193611400,8928595.5,1.427677,16,0.01,0.3,0.0015,0.99,0.999,1.0,0.99,1.0,NA,NA,NA,NA,,3,1020
22,2,22N-5N-5N-5N-5N-5N-5N-5N-2N,25.0,Config6,56.00000000000001,120,47.5,0.6191574000665263,11.99,40,471,135657198616200,135657203827200,5659925.5,1.210788,10,0.01,0.3,0.0015,0.99,0.999,1.0,0.99,1.0,9,59,"[22, 5, 5, 5, 5, 5, 5, 5, 2]",22n-5n-5n-5n-5n-5n-5n-5n-2o,,653,718
22,2,22N-6N-6N-6N-6N-6N-6N-6N-2N,25.0,Config6,60.5,2,47.0,0.7458541133777881,12.4,44,467,114764589419900,114764596244200,6848966.5,1.378168,12,0.01,0.3,0.0015,0.99,0.999,1.0,0.99,1.0,9,66,"[22, 6, 6, 6, 6, 6, 6, 6, 2]",22n-6n-6n-6n-6n-6n-6n-6n-2o,,778,718
22,2,22N-6N-6N-6N-6N-6N-6N-2N-22N-6N-6N-6N-6N-6N-6N-2N-22N-6N-6N-6N-6N-6N-6N-2N-22N-6N-6N-6N-6N-6N-6N-2N,25.0,Config5,59.0,165,52.0,0.7169422751466602,12.37,38,473,114757663692600,114757669269500,5689578.5,1.461897,12,0.01,0.3,0.0015,0.99,0.999,1.0,0.99,1.0,32,240,"[22, 6, 6, 6, 6, 6, 6, 2, 22, 6, 6, 6, 6, 6, 6, 2, 22, 6, 6, 6, 6, 6, 6, 2, 22, 6, 6, 6, 6, 6, 6, 2]",22n-6n-6n-6n-6n-6n-6n-2o,,696,718
22,2,22N-7N-7N-7N-7N-7N-2N-22N-7N-7N-7N-7N-7N-2N-22N-7N-7N-7N-7N-7N-2N-22N-7N-7N-7N-7N-7N-2N,25.0,Config4,59.5,123,52.0,0.6020341733114432,12.5,34,477,114751077573100,114751084088400,6505140.5,1.660607,14,0.01,0.3,0.0015,0.99,0.999,1.0,0.99,1.0,28,236,"[22, 7, 7, 7, 7, 7, 2, 22, 7, 7, 7, 7, 7, 2, 22, 7, 7, 7, 7, 7, 2, 22, 7, 7, 7, 7, 7, 2]",22n-7n-7n-7n-7n-7n-2o,,702,718
22,2,22N-8N-8N-8N-8N-2N-22N-8N-8N-8N-8N-2N-22N-8N-8N-8N-8N-2N,25.0,Config3,62.0,133,48.5,0.7136880342842495,12.81,30,481,114743848672500,114743854495200,5673899.5,1.569999,16,0.01,0.3,0.0015,0.99,0.999,1.0,0.99,1.0,18,168,"[22, 8, 8, 8, 8, 2, 22, 8, 8, 8, 8, 2, 22, 8, 8, 8, 8, 2]",22n-8n-8n-8n-8n-2o,,692,718
22,2,22N-9N-9N-9N-9N-2N,25.0,Config3,59.0,35,48.5,0.6328214113922076,12.43,58,453,131433283992100,131433290004900,5928913.0,1.343317,18,0.01,0.3,0.0015,0.99,0.999,1.0,0.99,1.0,6,60,"[22, 9, 9, 9, 9, 2]",22n-9n-9n-9n-9n-2o,,738,718
22,2,22N-10N-10N-10N-2N-22N-10N-10N-10N-2N-22N-10N-10N-10N-2N,25.0,Config2,56.99999999999999,186,43.5,0.686063801528423,12.38,28,483,114737210312000,114737215225900,5207891.0,1.536449,20,0.01,0.3,0.0015,0.99,0.999,1.0,0.99,1.0,15,162,"[22, 10, 10, 10, 2, 22, 10, 10, 10, 2, 22, 10, 10, 10, 2]",22n-10n-10n-10n-2o,,698,718
22,2,22N-11N-11N-11N-2N,25.0,Config2,57.49999999999999,26,56.00000000000001,0.6467294640201033,12.34,54,457,131427718576800,131427723880700,5691065.0,1.484269,22,0.01,0.3,0.0015,0.99,0.999,1.0,0.99,1.0,5,57,"[22, 11, 11, 11, 2]",22n-11n-11n-11n-2o,,741,718
22,2,22N-14N-14N-2N-22N-14N-14N-2N-22N-14N-14N-2N-22N-14N-14N-2N,25.0,Config1,57.99999999999999,729,54.0,0.6385833768335598,12.49,24,487,114730947604600,114730953180500,5404523.5,1.335714,28,0.01,0.3,0.0015,0.99,0.999,1.0,0.99,1.0,16,208,"[22, 14, 14, 2, 22, 14, 14, 2, 22, 14, 14, 2, 22, 14, 14, 2]",22n-14n-14n-2o,,708,718
22,2,22N-5N-5N-5N-5N-5N-5N-5N-2N-22N-5N-5N-5N-5N-5N-5N-5N-2N,25.0,Config6,56.00000000000001,376,51.0,0.6127714671262481,11.99,62,449,135692486515900,135692491889600,5227832.5,0.987811,10,0.01,0.3,0.0015,0.99,0.999,1.0,0.99,1.0,18,118,"[22, 5, 5, 5, 5, 5, 5, 5, 2, 22, 5, 5, 5, 5, 5, 5, 5, 2]",22n-5n-5n-5n-5n-5n-5n-5n-2o,,687,718
22,2,22N-6N-6N-6N-6N-6N-6N-6N-2N,25.0,Config6,59.0,37,51.0,0.5854983078412629,11.94,66,445,114803589465100,114803595698700,6770593.0,1.122116,12,0.01,0.3,0.0015,0.99,0.999,1.0,0.99,1.0,9,66,"[22, 6, 6, 6, 6, 6, 6, 6, 2]",22n-6n-6n-6n-6n-6n-6n-6n-2o,,790,718
22,2,22N-6N-6N-6N-6N-6N-6N-2N-22N-6N-6N-6N-6N-6N-6N-2N-22N-6N-6N-6N-6N-6N-6N-2N-22N-6N-6N-6N-6N-6N-6N-2N,25.0,Config5,59.0,599,47.5,0.6959357293193591,12.22,62,449,114796689957100,114796695262300,5442088.5,1.707847,12,0.01,0.3,0.0015,0.99,0.999,1.0,0.99,1.0,32,240,"[22, 6, 6, 6, 6, 6, 6, 2, 22, 6, 6, 6, 6, 6, 6, 2, 22, 6, 6, 6, 6, 6, 6, 2, 22, 6, 6, 6, 6, 6, 6, 2]",22n-6n-6n-6n-6n-6n-6n-2o,,694,718
22,2,22N-7N-7N-7N-7N-7N-2N-22N-7N-7N-7N-7N-7N-2N-22N-7N-7N-7N-7N-7N-2N-22N-7N-7N-7N-7N-7N-2N,25.0,Config4,61.0,272,48.0,0.6065033391163914,12.31,58,453,114790364907500,114790370702200,5630020.5,1.420483,14,0.01,0.3,0.0015,0.99,0.999,1.0,0.99,1.0,28,236,"[22, 7, 7, 7, 7, 7, 2, 22, 7, 7, 7, 7, 7, 2, 22, 7, 7, 7, 7, 7, 2, 22, 7, 7, 7, 7, 7, 2]",22n-7n-7n-7n-7n-7n-2o,,722,718
22,2,22N-8N-8N-8N-8N-2N-22N-8N-8N-8N-8N-2N,25.0,Config3,61.0,42,50.5,0.6741758095187711,12.78,54,457,114784016348500,114784020984300,5097782.5,1.066782,16,0.01,0.3,0.0015,0.99,0.999,1.0,0.99,1.0,12,112,"[22, 8, 8, 8, 8, 2, 22, 8, 8, 8, 8, 2]",22n-8n-8n-8n-8n-2o,,671,718
22,2,22N-9N-9N-9N-9N-2N-22N-9N-9N-9N-9N-2N,25.0,Config3,61.0,80,49.5,0.6361775208428472,12.17,84,427,131461328177400,131461333512800,5629819.0,1.364063,18,0.01,0.3,0.0015,0.99,0.999,1.0,0.99,1.0,12,120,"[22, 9, 9, 9, 9, 2, 22, 9, 9, 9, 9, 2]",22n-9n-9n-9n-9n-2o,,743,718
22,2,22N-10N-10N-10N-2N-22N-10N-10N-10N-2N-22N-10N-10N-10N-2N-22N-10N-10N-10N-2N,25.0,Config2,61.0,109,44.5,0.6918119295901226,12.81,50,461,114777740128300,114777745003700,6004524.0,1.401917,20,0.01,0.3,0.0015,0.99,0.999,1.0,0.99,1.0,20,216,"[22, 10, 10, 10, 2, 22, 10, 10, 10, 2, 22, 10, 10, 10, 2, 22, 10, 10, 10, 2]",22n-10n-10n-10n-2o,,691,718
22,2,22N-14N-14N-2N-22N-14N-14N-2N-22N-14N-14N-2N-22N-14N-14N-2N,25.0,Config1,57.49999999999999,521,47.5,0.7770341226484498,12.61,46,465,114770773678800,114770782169500,5195463.5,1.350117,28,0.01,0.3,0.0015,0.99,0.999,1.0,0.99,1.0,16,208,"[22, 14, 14, 2, 22, 14, 14, 2, 22, 14, 14, 2, 22, 14, 14, 2]",22n-14n-14n-2o,,701,718
22,2,22N-5N-5N-5N-5N-5N-5N-5N-2N-22N-5N-5N-5N-5N-5N-5N-5N-2N,25.0,Config6,57.49999999999999,14,54.0,0.5319719996699175,12.37,90,421,114841651921600,114841656801700,5555457.5,1.166643,10,0.01,0.3,0.0015,0.99,0.999,1.0,0.99,1.0,18,118,"[22, 5, 5, 5, 5, 5, 5, 5, 2, 22, 5, 5, 5, 5, 5, 5, 5, 2]",22n-5n-5n-5n-5n-5n-5n-5n-2o,,653,718
22,2,22N-6N-6N-6N-6N-6N-6N-6N-2N,25.0,Config6,55.00000000000001,86,52.0,0.6230878512255122,12.84,116,395,90465579467700,90465584769300,5272968.0,1.404404,12,0.01,0.3,0.0015,0.99,0.999,1.0,0.99,1.0,9,66,"[22, 6, 6, 6, 6, 6, 6, 6, 2]",22n-6n-6n-6n-6n-6n-6n-6n-2o,,754,718
22,2,22N-6N-6N-6N-6N-6N-6N-2N-22N-6N-6N-6N-6N-6N-6N-2N-22N-6N-6N-6N-6N-6N-6N-2N-22N-6N-6N-6N-6N-6N-6N-2N,25.0,Config5,59.0,550,50.0,0.6412025994861509,12.67,84,427,114835024686900,114835030032100,5499487.5,1.333446,12,0.01,0.3,0.0015,0.99,0.999,1.0,0.99,1.0,32,240,"[22, 6, 6, 6, 6, 6, 6, 2, 22, 6, 6, 6, 6, 6, 6, 2, 22, 6, 6, 6, 6, 6, 6, 2, 22, 6, 6, 6, 6, 6, 6, 2]",22n-6n-6n-6n-6n-6n-6n-2o,,704,718
22,2,22N-7N-7N-7N-7N-7N-2N-22N-7N-7N-7N-7N-7N-2N-22N-7N-7N-7N-7N-7N-2N-22N-7N-7N-7N-7N-7N-2N,25.0,Config4,60.5,786,56.00000000000001,0.6130200314718125,11.64,80,431,114828757411300,114828763255800,5799704.5,1.134504,14,0.01,0.3,0.0015,0.99,0.999,1.0,0.99,1.0,28,236,"[22, 7, 7, 7, 7, 7, 2, 22, 7, 7, 7, 7, 7, 2, 22, 7, 7, 7, 7, 7, 2, 22, 7, 7, 7, 7, 7, 2]",22n-7n-7n-7n-7n-7n-2o,,722,718
22,2,22N-8N-8N-8N-8N-2N-22N-8N-8N-8N-8N-2N-22N-8N-8N-8N-8N-2N,25.0,Config3,56.99999999999999,563,51.5,0.6522518774478081,12.48,76,435,114822382046700,114822387952600,5376225.5,1.434002,16,0.01,0.3,0.0015,0.99,0.999,1.0,0.99,1.0,18,168,"[22, 8, 8, 8, 8, 2, 22, 8, 8, 8, 8, 2, 22, 8, 8, 8, 8, 2]",22n-8n-8n-8n-8n-2o,,698,718
22,2,22N-9N-9N-9N-9N-2N,25.0,Config3,56.99999999999999,195,52.5,0.6326696947930238,12.29,72,439,135710593395500,135710601428300,7401213.0,1.478658,18,0.01,0.3,0.0015,0.99,0.999,1.0,0.99,1.0,6,60,"[22, 9, 9, 9, 9, 2]",22n-9n-9n-9n-9n-2o,,788,718
22,2,22N-10N-10N-10N-2N-22N-10N-10N-10N-2N,25.0,Config2,56.00000000000001,370,52.5,0.6302942944850526,12.39,72,439,114816119772600,114816124878600,5203687.0,1.192386,20,0.01,0.3,0.0015,0.99,0.999,1.0,0.99,1.0,10,108,"[22, 10, 10, 10, 2, 22, 10, 10, 10, 2]",22n-10n-10n-10n-2o,,649,718
22,2,22N-11N-11N-11N-2N-22N-11N-11N-11N-2N,25.0,Config2,56.49999999999999,207,48.5,0.7140168230115443,12.51,104,407,131485410658300,131485415434200,5211844.5,1.549787,22,0.01,0.3,0.0015,0.99,0.999,1.0,0.99,1.0,10,114,"[22, 11, 11, 11, 2, 22, 11, 11, 11, 2]",22n-11n-11n-11n-2o,,750,718
22,2,22N-14N-14N-2N-22N-14N-14N-2N-22N-14N-14N-2N-22N-14N-14N-2N,25.0,Config1,57.99999999999999,19,51.0,0.6191918252118843,12.32,70,441,114809818618200,114809823661200,5254223.0,1.205713,28,0.01,0.3,0.0015,0.99,0.999,1.0,0.99,1.0,16,208,"[22, 14, 14, 2, 22, 14, 14, 2, 22, 14, 14, 2, 22, 14, 14, 2]",22n-14n-14n-2o,,700,718
NA,NA,NA,0.0,Config6,56.00000000000001,265,49.0,0.5298509611646347,12.19,68,443,215468536001900,215468540745900,5086681.0,1.012227,16,0.01,0.3,0.0015,0.99,0.999,1.0,0.99,1.0,NA,NA,NA,NA,,6,718
NA,NA,NA,0.0,Config4,61.0,374,55.50000000000001,0.5171924931260972,12.74,58,453,215454696110300,215454701400300,5253953.5,0.910043,20,0.01,0.3,0.0015,0.99,0.999,1.0,0.99,1.0,NA,NA,NA,NA,,4,718
NA,NA,NA,0.0,Config3,57.49999999999999,313,52.5,0.6653117004161224,12.44,54,457,215447841312500,215447846035800,4933644.5,1.228235,22,0.01,0.3,0.0015,0.99,0.999,1.0,0.99,1.0,NA,NA,NA,NA,,3,718
NA,NA,NA,0.0,Config5,56.00000000000001,28,54.50000000000001,0.5387866567980236,12.47,62,449,215461655206000,215461660343700,5368485.0,1.0446,18,0.01,0.3,0.0015,0.99,0.999,1.0,0.99,1.0,NA,NA,NA,NA,,5,718
NA,NA,NA,0.0,Config6,57.99999999999999,242,48.0,0.5366588982335433,12.31,84,427,215495891905600,215495898686200,5285876.0,0.79592,16,0.01,0.3,0.0015,0.99,0.999,1.0,0.99,1.0,NA,NA,NA,NA,,6,718
NA,NA,NA,0.0,Config4,60.0,351,50.0,0.586378858724851,12.76,76,435,215481981673000,215481986800200,5180401.0,0.944594,20,0.01,0.3,0.0015,0.99,0.999,1.0,0.99,1.0,NA,NA,NA,NA,,4,718
NA,NA,NA,0.0,Config3,57.99999999999999,356,57.99999999999999,0.6362367709582027,12.58,72,439,215475206023100,215475210780300,4940124.0,1.226056,22,0.01,0.3,0.0015,0.99,0.999,1.0,0.99,1.0,NA,NA,NA,NA,,3,718
NA,NA,NA,0.0,Config5,59.0,15,55.00000000000001,0.5825100977537169,12.44,80,431,215488868897300,215488874763800,5302945.0,0.858617,18,0.01,0.3,0.0015,0.99,0.999,1.0,0.99,1.0,NA,NA,NA,NA,,5,718
NA,NA,NA,0.0,Config6,55.50000000000001,203,52.0,0.5295045119295928,12.5,100,411,215523330135200,215523334998700,4957183.0,1.231558,16,0.01,0.3,0.0015,0.99,0.999,1.0,0.99,1.0,NA,NA,NA,NA,,6,718
NA,NA,NA,0.0,Config4,57.49999999999999,353,50.0,0.607313828930181,12.48,92,419,215509714677800,215509719821800,5200002.5,1.162392,20,0.01,0.3,0.0015,0.99,0.999,1.0,0.99,1.0,NA,NA,NA,NA,,4,718
NA,NA,NA,0.0,Config3,57.99999999999999,156,53.0,0.669000291015081,12.47,88,423,215502896530800,215502901565100,5266636.5,1.298842,22,0.01,0.3,0.0015,0.99,0.999,1.0,0.99,1.0,NA,NA,NA,NA,,3,718
NA,NA,NA,0.0,Config5,56.99999999999999,357,47.5,0.5271072787909404,12.65,96,415,215516597705200,215516602775300,5297927.5,0.926502,18,0.01,0.3,0.0015,0.99,0.999,1.0,0.99,1.0,NA,NA,NA,NA,,5,718
NA,NA,NA,10.0,Config6,56.99999999999999,345,52.0,0.5878622909567432,12.65,44,467,216510029563600,216510035001000,5280297.5,1.334898,14,0.01,0.3,0.0015,0.99,0.999,1.0,0.99,1.0,NA,NA,NA,NA,,6,762
NA,NA,NA,10.0,Config3,64.0,136,46.5,0.7578634431937991,12.76,32,479,216490084127000,216490088862800,5291918.0,1.321267,20,0.01,0.3,0.0015,0.99,0.999,1.0,0.99,1.0,NA,NA,NA,NA,,3,762
NA,NA,NA,10.0,Config5,59.5,128,46.0,0.63120470464035,12.02,40,471,216503266237900,216503271251600,5240632.5,1.005851,16,0.01,0.3,0.0015,0.99,0.999,1.0,0.99,1.0,NA,NA,NA,NA,,5,762
NA,NA,NA,10.0,Config4,57.49999999999999,137,47.5,0.6650094334305325,12.11,36,475,216496687637000,216496692860200,5338114.0,1.070306,18,0.01,0.3,0.0015,0.99,0.999,1.0,0.99,1.0,NA,NA,NA,NA,,4,762
NA,NA,NA,10.0,Config6,57.99999999999999,88,54.0,0.5462667250609747,12.26,60,451,216536117000200,216536121830600,5046355.0,1.089681,14,0.01,0.3,0.0015,0.99,0.999,1.0,0.99,1.0,NA,NA,NA,NA,,6,762
NA,NA,NA,10.0,Config3,56.00000000000001,378,52.0,0.6824488204674932,12.4,48,463,216516458745800,216516463483700,4929104.5,1.598585,20,0.01,0.3,0.0015,0.99,0.999,1.0,0.99,1.0,NA,NA,NA,NA,,3,762
NA,NA,NA,10.0,Config5,56.00000000000001,188,48.5,0.580335868384521,12.58,56,455,216529619591200,216529624695600,5252598.0,1.237223,16,0.01,0.3,0.0015,0.99,0.999,1.0,0.99,1.0,NA,NA,NA,NA,,5,762
NA,NA,NA,10.0,Config4,56.99999999999999,290,47.5,0.6828980021685908,11.88,52,459,216523070306100,216523075331800,5301651.0,1.373308,18,0.01,0.3,0.0015,0.99,0.999,1.0,0.99,1.0,NA,NA,NA,NA,,4,762
NA,NA,NA,10.0,Config6,59.5,302,56.99999999999999,0.535413969323565,12.3,78,433,216563412025600,216563417096900,5203569.5,1.326787,14,0.01,0.3,0.0015,0.99,0.999,1.0,0.99,1.0,NA,NA,NA,NA,,6,762
NA,NA,NA,10.0,Config3,63.0,292,56.49999999999999,0.6385407512579951,12.53,64,447,216542479304100,216542483942200,4818417.0,1.443434,20,0.01,0.3,0.0015,0.99,0.999,1.0,0.99,1.0,NA,NA,NA,NA,,3,762
NA,NA,NA,10.0,Config5,57.99999999999999,209,47.0,0.6543149918067236,12.49,74,437,216556814893100,216556820227000,6376683.0,0.889794,16,0.01,0.3,0.0015,0.99,0.999,1.0,0.99,1.0,NA,NA,NA,NA,,5,762
NA,NA,NA,10.0,Config4,59.0,163,54.0,0.5559517881765669,12.68,68,443,216549158660300,216549166076400,5365373.5,0.9371,18,0.01,0.3,0.0015,0.99,0.999,1.0,0.99,1.0,NA,NA,NA,NA,,4,762
NA,NA,NA,100.0,Config6,56.49999999999999,12,48.0,0.751732073605907,12.31,130,381,221033048922800,221033057329700,8838175.0,2.101713,8,0.01,0.3,0.0015,0.99,0.999,1.0,0.99,1.0,NA,NA,NA,NA,,6,1146
NA,NA,NA,100.0,Config5,57.99999999999999,201,51.5,0.6850383580506539,12.47,126,385,221023676606600,221023685080800,8935089.5,1.592885,10,0.01,0.3,0.0015,0.99,0.999,1.0,0.99,1.0,NA,NA,NA,NA,,5,1146
NA,NA,NA,100.0,Config4,56.99999999999999,120,46.5,0.6633409286222754,12.45,120,391,221014437777500,221014446209200,9037810.5,1.575587,12,0.01,0.3,0.0015,0.99,0.999,1.0,0.99,1.0,NA,NA,NA,NA,,4,1146
NA,NA,NA,100.0,Config3,56.00000000000001,3,44.5,0.7953016114044652,12.47,116,395,221005108932100,221005116489200,7706304.5,1.886183,14,0.01,0.3,0.0015,0.99,0.999,1.0,0.99,1.0,NA,NA,NA,NA,,3,1146
NA,NA,NA,100.0,Config6,57.99999999999999,0,50.0,0.6793729622072959,12.15,148,363,221070088868700,221070096724000,8465622.0,1.164635,8,0.01,0.3,0.0015,0.99,0.999,1.0,0.99,1.0,NA,NA,NA,NA,,6,1146
NA,NA,NA,100.0,Config5,59.0,369,52.5,0.6785834753385539,12.39,142,369,221060990695800,221061000569800,9192868.0,1.600683,10,0.01,0.3,0.0015,0.99,0.999,1.0,0.99,1.0,NA,NA,NA,NA,,5,1146
NA,NA,NA,100.0,Config4,56.00000000000001,5,48.0,0.7120704765455266,12.07,138,373,221051434475200,221051444007500,9446680.5,1.492861,12,0.01,0.3,0.0015,0.99,0.999,1.0,0.99,1.0,NA,NA,NA,NA,,4,1146
NA,NA,NA,100.0,Config3,60.0,47,47.0,0.6980775043305316,12.2,134,377,221041737422800,221041745049000,7802432.5,1.701441,14,0.01,0.3,0.0015,0.99,0.999,1.0,0.99,1.0,NA,NA,NA,NA,,3,1146
NA,NA,NA,100.0,Config6,54.50000000000001,6,46.0,0.7401745145284001,12.0,166,345,221109009363800,221109022516300,9379176.0,1.384015,8,0.01,0.3,0.0015,0.99,0.999,1.0,0.99,1.0,NA,NA,NA,NA,,6,1146
NA,NA,NA,100.0,Config5,56.00000000000001,234,48.0,0.7224221996272958,11.87,160,351,221099068949500,221099078856700,9502245.5,1.241068,10,0.01,0.3,0.0015,0.99,0.999,1.0,0.99,1.0,NA,NA,NA,NA,,5,1146
NA,NA,NA,100.0,Config4,54.0,184,47.0,0.7580646515315537,10.52,156,355,221089247539600,221089259308500,10001771.0,1.386197,12,0.01,0.3,0.0015,0.99,0.999,1.0,0.99,1.0,NA,NA,NA,NA,,4,1146
NA,NA,NA,100.0,Config3,54.0,46,48.5,0.7164250770471015,12.52,152,359,221078861302800,221078868246800,7722299.5,1.715889,14,0.01,0.3,0.0015,0.99,0.999,1.0,0.99,1.0,NA,NA,NA,NA,,3,1146
NA,NA,NA,25.0,Config6,59.5,146,53.0,0.5568057576783523,12.4,46,465,217491915311600,217491920749900,5492304.0,1.00809,12,0.01,0.3,0.0015,0.99,0.999,1.0,0.99,1.0,NA,NA,NA,NA,,6,830
NA,NA,NA,25.0,Config3,60.5,200,52.5,0.6752846998375817,12.8,32,479,217471190842300,217471196764500,5970248.0,1.552113,20,0.01,0.3,0.0015,0.99,0.999,1.0,0.99,1.0,NA,NA,NA,NA,,3,830
NA,NA,NA,25.0,Config5,57.99999999999999,43,49.5,0.5643351377893776,12.22,40,471,217485285842400,217485291347400,5745620.0,1.286765,14,0.01,0.3,0.0015,0.99,0.999,1.0,0.99,1.0,NA,NA,NA,NA,,5,830
NA,NA,NA,25.0,Config4,56.00000000000001,329,53.0,0.6076070910365868,12.45,36,475,217478450506100,217478456336400,6315656.0,1.119769,16,0.01,0.3,0.0015,0.99,0.999,1.0,0.99,1.0,NA,NA,NA,NA,,4,830
NA,NA,NA,25.0,Config6,57.49999999999999,272,50.5,0.5982791521512083,12.49,62,449,217518571311100,217518576913000,5525316.0,0.891375,12,0.01,0.3,0.0015,0.99,0.999,1.0,0.99,1.0,NA,NA,NA,NA,,6,830
NA,NA,NA,25.0,Config3,56.49999999999999,210,55.50000000000001,0.7041100534381536,11.72,50,461,217498611476400,217498617213900,5753655.5,1.488796,20,0.01,0.3,0.0015,0.99,0.999,1.0,0.99,1.0,NA,NA,NA,NA,,3,830
NA,NA,NA,25.0,Config5,59.0,256,50.0,0.6966221199898136,11.93,58,453,217511930325300,217511935830200,5643519.5,1.570165,14,0.01,0.3,0.0015,0.99,0.999,1.0,0.99,1.0,NA,NA,NA,NA,,5,830
NA,NA,NA,25.0,Config4,57.49999999999999,284,52.5,0.725329795968899,12.37,54,457,217505271044000,217505276698300,5586663.5,1.586337,16,0.01,0.3,0.0015,0.99,0.999,1.0,0.99,1.0,NA,NA,NA,NA,,4,830
NA,NA,NA,25.0,Config6,60.5,111,50.0,0.6682270930064395,12.77,80,431,217546309596000,217546315598300,6019895.0,1.442039,12,0.01,0.3,0.0015,0.99,0.999,1.0,0.99,1.0,NA,NA,NA,NA,,6,830
NA,NA,NA,25.0,Config3,55.50000000000001,0,50.5,0.6754415090272101,12.37,66,445,217525440969200,217525446865800,6142096.0,1.484505,20,0.01,0.3,0.0015,0.99,0.999,1.0,0.99,1.0,NA,NA,NA,NA,,3,830
NA,NA,NA,25.0,Config5,62.0,87,49.5,0.6125529531030024,12.54,76,435,217539217208500,217539223546200,6141605.0,1.484085,14,0.01,0.3,0.0015,0.99,0.999,1.0,0.99,1.0,NA,NA,NA,NA,,5,830
NA,NA,NA,25.0,Config4,60.0,361,46.5,0.7074059821979682,12.61,70,441,217532130403400,217532135822600,5641995.0,1.399144,16,0.01,0.3,0.0015,0.99,0.999,1.0,0.99,1.0,NA,NA,NA,NA,,4,830
NA,NA,NA,50.0,Config6,59.5,47,55.50000000000001,0.6692935055476237,12.04,50,461,218490312504300,218490318579600,6279030.5,1.603651,10,0.01,0.3,0.0015,0.99,0.999,1.0,0.99,1.0,NA,NA,NA,NA,,6,924
NA,NA,NA,50.0,Config5,61.0,73,54.0,0.5645579866122173,12.59,46,465,218483412055900,218483418508900,6560391.5,1.425784,12,0.01,0.3,0.0015,0.99,0.999,1.0,0.99,1.0,NA,NA,NA,NA,,5,924
NA,NA,NA,50.0,Config4,59.5,100,48.0,0.6685251606377873,12.54,42,469,218476349463100,218476356120900,6531866.5,1.361303,14,0.01,0.3,0.0015,0.99,0.999,1.0,0.99,1.0,NA,NA,NA,NA,,4,924
NA,NA,NA,50.0,Config3,56.00000000000001,113,44.5,0.7119490468422096,12.36,38,473,218469402388800,218469408061300,6321792.0,1.520589,16,0.01,0.3,0.0015,0.99,0.999,1.0,0.99,1.0,NA,NA,NA,NA,,3,924
NA,NA,NA,50.0,Config6,56.49999999999999,213,49.5,0.6170062467053463,12.42,68,443,218517756375600,218517762435800,6132039.5,1.295572,10,0.01,0.3,0.0015,0.99,0.999,1.0,0.99,1.0,NA,NA,NA,NA,,6,924
NA,NA,NA,50.0,Config5,55.00000000000001,339,52.5,0.6529350624187067,12.9,64,447,218510968957900,218510975194300,6509216.5,1.340829,12,0.01,0.3,0.0015,0.99,0.999,1.0,0.99,1.0,NA,NA,NA,NA,,5,924
NA,NA,NA,50.0,Config4,57.99999999999999,356,55.50000000000001,0.6456781025834303,12.42,60,451,218503941052900,218503946994400,6279939.0,1.468154,14,0.01,0.3,0.0015,0.99,0.999,1.0,0.99,1.0,NA,NA,NA,NA,,4,924
NA,NA,NA,50.0,Config3,56.99999999999999,246,49.0,0.7203568579306946,12.37,56,455,218497087367600,218497092732500,5870354.0,1.334622,16,0.01,0.3,0.0015,0.99,0.999,1.0,0.99,1.0,NA,NA,NA,NA,,3,924
NA,NA,NA,50.0,Config6,60.0,2,54.0,0.5929027651577011,11.71,84,427,218547897823600,218547904576000,7282080.0,1.690788,10,0.01,0.3,0.0015,0.99,0.999,1.0,0.99,1.0,NA,NA,NA,NA,,6,924
NA,NA,NA,50.0,Config5,56.49999999999999,231,45.0,0.7686653712829445,12.53,80,431,218540149584600,218540156194100,8138321.5,1.463148,12,0.01,0.3,0.0015,0.99,0.999,1.0,0.99,1.0,NA,NA,NA,NA,,5,924
NA,NA,NA,50.0,Config4,63.0,46,46.0,0.8526056820097436,12.67,76,435,218531824525300,218531830907000,6920175.5,1.838937,14,0.01,0.3,0.0015,0.99,0.999,1.0,0.99,1.0,NA,NA,NA,NA,,4,924
NA,NA,NA,50.0,Config3,56.99999999999999,12,51.5,0.6837037574156181,12.62,72,439,218524396029000,218524402235400,5789534.5,1.371506,16,0.01,0.3,0.0015,0.99,0.999,1.0,0.99,1.0,NA,NA,NA,NA,,3,924
NA,NA,NA,75.0,Config6,62.0,370,59.5,0.6116166185122681,12.47,88,423,219698495612600,219698501433100,6255191.0,1.435525,8,0.01,0.3,0.0015,0.99,0.999,1.0,0.99,1.0,NA,NA,NA,NA,,6,1020
NA,NA,NA,75.0,Config5,56.49999999999999,2,51.5,0.6713247102544693,12.41,82,429,219691193863500,219691201793500,6912691.0,1.769288,10,0.01,0.3,0.0015,0.99,0.999,1.0,0.99,1.0,NA,NA,NA,NA,,5,1020
NA,NA,NA,75.0,Config4,59.5,166,47.0,0.7594939720325713,12.55,78,433,219683602235800,219683608920800,6693524.5,1.729964,12,0.01,0.3,0.0015,0.99,0.999,1.0,0.99,1.0,NA,NA,NA,NA,,4,1020
NA,NA,NA,75.0,Config3,58.5,296,54.50000000000001,0.6426952158488908,12.37,74,437,219676190404900,219676197734000,7447767.0,1.603179,16,0.01,0.3,0.0015,0.99,0.999,1.0,0.99,1.0,NA,NA,NA,NA,,3,1020
NA,NA,NA,75.0,Config6,57.99999999999999,224,47.5,0.7289658726642466,12.36,106,405,219728843336300,219728849460900,6148981.0,1.432368,8,0.01,0.3,0.0015,0.99,0.999,1.0,0.99,1.0,NA,NA,NA,NA,,6,1020
NA,NA,NA,75.0,Config5,59.0,38,54.50000000000001,0.638045246753134,12.42,100,411,219721676034000,219721682647500,7329893.0,1.634551,10,0.01,0.3,0.0015,0.99,0.999,1.0,0.99,1.0,NA,NA,NA,NA,,5,1020
NA,NA,NA,75.0,Config4,54.50000000000001,27,50.0,0.7551044642957607,12.65,96,415,219713808290200,219713815530700,6802232.5,1.583056,12,0.01,0.3,0.0015,0.99,0.999,1.0,0.99,1.0,NA,NA,NA,NA,,4,1020
NA,NA,NA,75.0,Config3,61.0,95,50.0,0.7494791526479863,12.49,92,419,219706285113000,219706292292500,7424025.5,1.892675,16,0.01,0.3,0.0015,0.99,0.999,1.0,0.99,1.0,NA,NA,NA,NA,,3,1020
NA,NA,NA,75.0,Config6,57.99999999999999,78,54.0,0.6173896865808901,12.6,124,387,219758884866200,219758890753900,6536432.5,1.093304,8,0.01,0.3,0.0015,0.99,0.999,1.0,0.99,1.0,NA,NA,NA,NA,,6,1020
NA,NA,NA,75.0,Config5,56.49999999999999,18,45.5,0.8041388004855068,12.01,118,393,219751370365600,219751379001000,7016552.0,2.187374,10,0.01,0.3,0.0015,0.99,0.999,1.0,0.99,1.0,NA,NA,NA,NA,,5,1020
NA,NA,NA,75.0,Config4,56.49999999999999,148,47.5,0.7597057147889055,12.26,114,397,219743832670200,219743839311100,6911303.0,1.923622,12,0.01,0.3,0.0015,0.99,0.999,1.0,0.99,1.0,NA,NA,NA,NA,,4,1020
NA,NA,NA,75.0,Config3,60.0,399,60.0,0.5730358079196636,12.35,110,401,219736385070400,219736391871700,7016930.5,1.013878,16,0.01,0.3,0.0015,0.99,0.999,1.0,0.99,1.0,NA,NA,NA,NA,,3,1020
22,2,22N-5N-5N-5N-5N-5N-5N-5N-2N-22N-5N-5N-5N-5N-5N-5N-5N-2N,25.0,Config6,61.0,34,50.0,0.7074288970554795,12.34,112,399,114880179583600,114880185545300,5616960.0,1.655729,10,0.01,0.3,0.0015,0.99,0.999,1.0,0.99,1.0,18,118,"[22, 5, 5, 5, 5, 5, 5, 5, 2, 22, 5, 5, 5, 5, 5, 5, 5, 2]",22n-5n-5n-5n-5n-5n-5n-5n-2o,,674,718
22,2,22N-6N-6N-6N-6N-6N-6N-2N-22N-6N-6N-6N-6N-6N-6N-2N-22N-6N-6N-6N-6N-6N-6N-2N-22N-6N-6N-6N-6N-6N-6N-2N,25.0,Config5,60.0,588,50.0,0.7018193132100233,12.6,108,403,114873632482300,114873638091700,6230946.0,1.211477,12,0.01,0.3,0.0015,0.99,0.999,1.0,0.99,1.0,32,240,"[22, 6, 6, 6, 6, 6, 6, 2, 22, 6, 6, 6, 6, 6, 6, 2, 22, 6, 6, 6, 6, 6, 6, 2, 22, 6, 6, 6, 6, 6, 6, 2]",22n-6n-6n-6n-6n-6n-6n-2o,,717,718
22,2,22N-7N-7N-7N-7N-7N-2N-22N-7N-7N-7N-7N-7N-2N-22N-7N-7N-7N-7N-7N-2N-22N-7N-7N-7N-7N-7N-2N,25.0,Config4,56.00000000000001,468,45.5,0.7245797440623883,12.64,104,407,114866515379000,114866521567100,5627233.5,1.558568,14,0.01,0.3,0.0015,0.99,0.999,1.0,0.99,1.0,28,236,"[22, 7, 7, 7, 7, 7, 2, 22, 7, 7, 7, 7, 7, 2, 22, 7, 7, 7, 7, 7, 2, 22, 7, 7, 7, 7, 7, 2]",22n-7n-7n-7n-7n-7n-2o,,701,718
22,2,22N-8N-8N-8N-8N-2N-22N-8N-8N-8N-8N-2N-22N-8N-8N-8N-8N-2N,25.0,Config3,61.0,240,43.5,0.7583285596255988,12.69,100,411,114860144176000,114860148797200,4958266.0,1.279401,16,0.01,0.3,0.0015,0.99,0.999,1.0,0.99,1.0,18,168,"[22, 8, 8, 8, 8, 2, 22, 8, 8, 8, 8, 2, 22, 8, 8, 8, 8, 2]",22n-8n-8n-8n-8n-2o,,698,718
22,2,22N-9N-9N-9N-9N-2N,25.0,Config3,57.99999999999999,22,50.0,0.6285688441728867,12.48,132,379,131515075964700,131515080871000,5259844.5,1.399541,18,0.01,0.3,0.0015,0.99,0.999,1.0,0.99,1.0,6,60,"[22, 9, 9, 9, 9, 2]",22n-9n-9n-9n-9n-2o,,753,718
22,2,22N-10N-10N-10N-2N-22N-10N-10N-10N-2N-22N-10N-10N-10N-2N,25.0,Config2,59.0,246,50.0,0.7231090716508299,12.5,96,415,114854040655200,114854046002900,5230346.0,1.457657,20,0.01,0.3,0.0015,0.99,0.999,1.0,0.99,1.0,15,162,"[22, 10, 10, 10, 2, 22, 10, 10, 10, 2, 22, 10, 10, 10, 2]",22n-10n-10n-10n-2o,,686,718
22,2,22N-11N-11N-11N-2N,25.0,Config2,59.5,6,54.0,0.7118265076390636,12.61,128,383,131509840784700,131509848011300,5465676.5,1.795578,22,0.01,0.3,0.0015,0.99,0.999,1.0,0.99,1.0,5,57,"[22, 11, 11, 11, 2]",22n-11n-11n-11n-2o,,743,718
22,2,22N-14N-14N-2N-22N-14N-14N-2N-22N-14N-14N-2N-22N-14N-14N-2N,25.0,Config1,56.99999999999999,73,49.5,0.7240477171991951,12.33,92,419,114847800472100,114847805794100,5287028.0,1.50877,28,0.01,0.3,0.0015,0.99,0.999,1.0,0.99,1.0,16,208,"[22, 14, 14, 2, 22, 14, 14, 2, 22, 14, 14, 2, 22, 14, 14, 2]",22n-14n-14n-2o,,698,718
22,2,22N-5N-5N-5N-5N-5N-5N-5N-2N-22N-5N-5N-5N-5N-5N-5N-5N-2N,25.0,Config6,54.0,205,46.5,0.6959267426821849,12.73,134,377,114918697355700,114918702352100,5067561.0,1.333541,10,0.01,0.3,0.0015,0.99,0.999,1.0,0.99,1.0,18,118,"[22, 5, 5, 5, 5, 5, 5, 5, 2, 22, 5, 5, 5, 5, 5, 5, 5, 2]",22n-5n-5n-5n-5n-5n-5n-5n-2o,,667,718
22,2,22N-6N-6N-6N-6N-6N-6N-2N-22N-6N-6N-6N-6N-6N-6N-2N-22N-6N-6N-6N-6N-6N-6N-2N-22N-6N-6N-6N-6N-6N-6N-2N,25.0,Config5,59.5,82,46.0,0.7310080294248322,12.61,130,381,114912526651300,114912531995200,5852059.5,1.301728,12,0.01,0.3,0.0015,0.99,0.999,1.0,0.99,1.0,32,240,"[22, 6, 6, 6, 6, 6, 6, 2, 22, 6, 6, 6, 6, 6, 6, 2, 22, 6, 6, 6, 6, 6, 6, 2, 22, 6, 6, 6, 6, 6, 6, 2]",22n-6n-6n-6n-6n-6n-6n-2o,,727,718
22,2,22N-7N-7N-7N-7N-7N-2N-22N-7N-7N-7N-7N-7N-2N-22N-7N-7N-7N-7N-7N-2N-22N-7N-7N-7N-7N-7N-2N,25.0,Config4,58.5,547,53.5,0.619991468553245,12.47,126,385,114905950914600,114905956196800,5726607.0,1.296438,14,0.01,0.3,0.0015,0.99,0.999,1.0,0.99,1.0,28,236,"[22, 7, 7, 7, 7, 7, 2, 22, 7, 7, 7, 7, 7, 2, 22, 7, 7, 7, 7, 7, 2, 22, 7, 7, 7, 7, 7, 2]",22n-7n-7n-7n-7n-7n-2o,,701,718
22,2,22N-8N-8N-8N-8N-2N-22N-8N-8N-8N-8N-2N-22N-8N-8N-8N-8N-2N-22N-8N-8N-8N-8N-2N,25.0,Config3,56.99999999999999,2,50.0,0.6854232153222067,12.53,122,389,114899240538700,114899245546700,5389303.0,1.469567,16,0.01,0.3,0.0015,0.99,0.999,1.0,0.99,1.0,24,224,"[22, 8, 8, 8, 8, 2, 22, 8, 8, 8, 8, 2, 22, 8, 8, 8, 8, 2, 22, 8, 8, 8, 8, 2]",22n-8n-8n-8n-8n-2o,,682,718
22,2,22N-10N-10N-10N-2N-22N-10N-10N-10N-2N-22N-10N-10N-10N-2N-22N-10N-10N-10N-2N,25.0,Config2,56.49999999999999,483,48.0,0.7438341356210431,12.7,118,393,114892885816300,114892891177100,5356923.0,1.550307,20,0.01,0.3,0.0015,0.99,0.999,1.0,0.99,1.0,20,216,"[22, 10, 10, 10, 2, 22, 10, 10, 10, 2, 22, 10, 10, 10, 2, 22, 10, 10, 10, 2]",22n-10n-10n-10n-2o,,688,718
22,2,22N-14N-14N-2N-22N-14N-14N-2N-22N-14N-14N-2N-22N-14N-14N-2N,25.0,Config1,55.00000000000001,0,44.0,0.742908455129089,12.19,116,395,114886467369300,114886472598800,5289620.0,1.582393,28,0.01,0.3,0.0015,0.99,0.999,1.0,0.99,1.0,16,208,"[22, 14, 14, 2, 22, 14, 14, 2, 22, 14, 14, 2, 22, 14, 14, 2]",22n-14n-14n-2o,,700,718
22,2,22N-5N-5N-5N-5N-5N-5N-5N-2N-22N-5N-5N-5N-5N-5N-5N-5N-2N-22N-5N-5N-5N-5N-5N-5N-5N-2N,25.0,Config6,56.99999999999999,568,55.00000000000001,0.5711194792865462,12.03,158,353,114956430335800,114956436419600,5048427.0,1.63169,10,0.01,0.3,0.0015,0.99,0.999,1.0,0.99,1.0,27,177,"[22, 5, 5, 5, 5, 5, 5, 5, 2, 22, 5, 5, 5, 5, 5, 5, 5, 2, 22, 5, 5, 5, 5, 5, 5, 5, 2]",22n-5n-5n-5n-5n-5n-5n-5n-2o,,684,718
22,2,22N-6N-6N-6N-6N-6N-6N-2N-22N-6N-6N-6N-6N-6N-6N-2N-22N-6N-6N-6N-6N-6N-6N-2N-22N-6N-6N-6N-6N-6N-6N-2N,25.0,Config5,61.5,716,57.99999999999999,0.5301602620311122,12.44,154,357,114950310680500,114950316187600,5557596.5,1.231217,12,0.01,0.3,0.0015,0.99,0.999,1.0,0.99,1.0,32,240,"[22, 6, 6, 6, 6, 6, 6, 2, 22, 6, 6, 6, 6, 6, 6, 2, 22, 6, 6, 6, 6, 6, 6, 2, 22, 6, 6, 6, 6, 6, 6, 2]",22n-6n-6n-6n-6n-6n-6n-2o,,684,718
22,2,22N-7N-7N-7N-7N-7N-2N-22N-7N-7N-7N-7N-7N-2N-22N-7N-7N-7N-7N-7N-2N-22N-7N-7N-7N-7N-7N-2N,25.0,Config4,57.49999999999999,28,52.0,0.6334091111534456,12.68,150,361,114944013367100,114944019048400,5864295.5,1.790309,14,0.01,0.3,0.0015,0.99,0.999,1.0,0.99,1.0,28,236,"[22, 7, 7, 7, 7, 7, 2, 22, 7, 7, 7, 7, 7, 2, 22, 7, 7, 7, 7, 7, 2, 22, 7, 7, 7, 7, 7, 2]",22n-7n-7n-7n-7n-7n-2o,,713,718
22,2,22N-8N-8N-8N-8N-2N-22N-8N-8N-8N-8N-2N,25.0,Config3,58.5,42,48.5,0.6394683703055931,12.24,146,365,114937483433600,114937489027100,5216434.0,1.10281,16,0.01,0.3,0.0015,0.99,0.999,1.0,0.99,1.0,12,112,"[22, 8, 8, 8, 8, 2, 22, 8, 8, 8, 8, 2]",22n-8n-8n-8n-8n-2o,,655,718
22,2,22N-9N-9N-9N-9N-2N-22N-9N-9N-9N-9N-2N,25.0,Config3,51.0,1,46.5,0.7134474174537836,12.56,180,331,131563074277600,131563079354300,5044505.5,1.471605,18,0.01,0.3,0.0015,0.99,0.999,1.0,0.99,1.0,12,120,"[22, 9, 9, 9, 9, 2, 22, 9, 9, 9, 9, 2]",22n-9n-9n-9n-9n-2o,,753,718
22,2,22N-10N-10N-10N-2N-22N-10N-10N-10N-2N,25.0,Config2,53.5,141,48.0,0.690017931905792,12.45,142,369,114931210857900,114931215956400,5209683.0,1.49768,20,0.01,0.3,0.0015,0.99,0.999,1.0,0.99,1.0,10,108,"[22, 10, 10, 10, 2, 22, 10, 10, 10, 2]",22n-10n-10n-10n-2o,,674,718
22,2,22N-11N-11N-11N-2N-22N-11N-11N-11N-2N,25.0,Config2,53.0,356,43.0,0.8167983790235488,12.43,176,335,131558179040800,131558183810500,4900999.0,1.715355,22,0.01,0.3,0.0015,0.99,0.999,1.0,0.99,1.0,10,114,"[22, 11, 11, 11, 2, 22, 11, 11, 11, 2]",22n-11n-11n-11n-2o,,750,718
22,2,22N-14N-14N-2N-22N-14N-14N-2N-22N-14N-14N-2N-22N-14N-14N-2N,25.0,Config1,56.99999999999999,786,54.50000000000001,0.6629885019141196,12.39,138,373,114925072560000,114925077459800,5389249.0,1.371703,28,0.01,0.3,0.0015,0.99,0.999,1.0,0.99,1.0,16,208,"[22, 14, 14, 2, 22, 14, 14, 2, 22, 14, 14, 2, 22, 14, 14, 2]",22n-14n-14n-2o,,702,718
NA,NA,NA,0.0,Config6,58.5,233,49.0,0.5390185386825375,12.61,118,393,215552266542300,215552271277500,6927812.5,0.817005,16,0.01,0.3,0.0015,0.99,0.999,1.0,0.99,1.0,NA,NA,NA,NA,,6,718
NA,NA,NA,0.0,Config4,56.99999999999999,101,48.0,0.6239490594287784,12.46,108,403,215536823303100,215536828405300,5153488.0,0.904177,20,0.01,0.3,0.0015,0.99,0.999,1.0,0.99,1.0,NA,NA,NA,NA,,4,718
NA,NA,NA,0.0,Config3,60.5,227,49.0,0.6449960268012256,12.5,104,407,215530082723200,215530087806800,5052631.5,1.255201,22,0.01,0.3,0.0015,0.99,0.999,1.0,0.99,1.0,NA,NA,NA,NA,,3,718
NA,NA,NA,0.0,Config5,55.50000000000001,1,51.0,0.5348149333432455,12.23,114,397,215543612632200,215543617957600,5234692.0,0.913869,18,0.01,0.3,0.0015,0.99,0.999,1.0,0.99,1.0,NA,NA,NA,NA,,5,718
NA,NA,NA,0.0,Config6,56.99999999999999,339,52.5,0.5530574609741692,12.69,134,377,215584466231200,215584471747200,5990241.5,0.728714,16,0.01,0.3,0.0015,0.99,0.999,1.0,0.99,1.0,NA,NA,NA,NA,,6,718
NA,NA,NA,0.0,Config4,56.99999999999999,308,50.0,0.635265666819293,12.12,126,385,215569411275800,215569418347900,7985077.5,1.01451,20,0.01,0.3,0.0015,0.99,0.999,1.0,0.99,1.0,NA,NA,NA,NA,,4,718
NA,NA,NA,0.0,Config3,52.5,200,50.0,0.7465770949199418,12.0,122,389,215559923615400,215559930325800,6082616.5,1.372534,22,0.01,0.3,0.0015,0.99,0.999,1.0,0.99,1.0,NA,NA,NA,NA,,3,718
NA,NA,NA,0.0,Config5,57.99999999999999,132,51.0,0.5619515549757829,12.64,130,381,215576651239000,215576656126100,5678675.5,1.179833,18,0.01,0.3,0.0015,0.99,0.999,1.0,0.99,1.0,NA,NA,NA,NA,,5,718
NA,NA,NA,0.0,Config6,56.99999999999999,352,53.0,0.526045094139765,12.42,152,359,215615410790700,215615416159300,5836501.5,1.225136,16,0.01,0.3,0.0015,0.99,0.999,1.0,0.99,1.0,NA,NA,NA,NA,,6,718
NA,NA,NA,0.0,Config4,54.50000000000001,273,42.0,0.7089209041802225,12.13,142,369,215598787486500,215598797207300,6234955.5,0.992269,20,0.01,0.3,0.0015,0.99,0.999,1.0,0.99,1.0,NA,NA,NA,NA,,4,718
NA,NA,NA,0.0,Config3,57.99999999999999,275,54.50000000000001,0.5687044998981707,12.02,138,373,215591074496500,215591079737000,4984073.0,1.13421,22,0.01,0.3,0.0015,0.99,0.999,1.0,0.99,1.0,NA,NA,NA,NA,,3,718
NA,NA,NA,0.0,Config5,56.00000000000001,302,51.0,0.5674340766741234,12.59,146,365,215607674767100,215607683428100,7188839.0,0.792656,18,0.01,0.3,0.0015,0.99,0.999,1.0,0.99,1.0,NA,NA,NA,NA,,5,718
NA,NA,NA,10.0,Config6,57.49999999999999,241,52.0,0.589952117228308,12.21,94,417,216590320742900,216590325897600,5243780.5,0.967035,14,0.01,0.3,0.0015,0.99,0.999,1.0,0.99,1.0,NA,NA,NA,NA,,6,762
NA,NA,NA,10.0,Config3,56.00000000000001,384,49.0,0.6335944377625787,12.25,82,429,216569933965500,216569939139800,5065317.0,1.346145,20,0.01,0.3,0.0015,0.99,0.999,1.0,0.99,1.0,NA,NA,NA,NA,,3,762
NA,NA,NA,10.0,Config5,57.49999999999999,382,56.00000000000001,0.6168715363969676,11.45,90,421,216583675869800,216583681972600,5534498.5,1.109404,16,0.01,0.3,0.0015,0.99,0.999,1.0,0.99,1.0,NA,NA,NA,NA,,5,762
NA,NA,NA,10.0,Config4,56.99999999999999,174,47.0,0.7676208067739526,12.45,86,425,216576798672300,216576803823000,5523967.5,1.399673,18,0.01,0.3,0.0015,0.99,0.999,1.0,0.99,1.0,NA,NA,NA,NA,,4,762
NA,NA,NA,10.0,Config6,59.5,299,50.5,0.5828209321344185,12.46,112,399,216616592850000,216616598065900,5259300.0,1.132474,14,0.01,0.3,0.0015,0.99,0.999,1.0,0.99,1.0,NA,NA,NA,NA,,6,762
NA,NA,NA,10.0,Config3,55.00000000000001,224,47.5,0.7813051417980461,12.66,98,413,216596741410400,216596746214900,4950780.0,1.323094,20,0.01,0.3,0.0015,0.99,0.999,1.0,0.99,1.0,NA,NA,NA,NA,,3,762
NA,NA,NA,10.0,Config5,57.99999999999999,51,46.0,0.6054110819509586,12.03,106,405,216609880904200,216609885996900,5157859.5,1.027804,16,0.01,0.3,0.0015,0.99,0.999,1.0,0.99,1.0,NA,NA,NA,NA,,5,762
NA,NA,NA,10.0,Config4,61.5,34,44.5,0.6040543428980064,12.34,102,409,216603327817300,216603332969800,5270168.0,0.946816,18,0.01,0.3,0.0015,0.99,0.999,1.0,0.99,1.0,NA,NA,NA,NA,,4,762
NA,NA,NA,10.0,Config6,58.5,200,54.50000000000001,0.5691869874922908,12.11,128,383,216643209363300,216643214343600,5059294.5,1.269757,14,0.01,0.3,0.0015,0.99,0.999,1.0,0.99,1.0,NA,NA,NA,NA,,6,762
NA,NA,NA,10.0,Config3,55.50000000000001,368,52.5,0.6251315714439457,11.5,116,395,216623212374400,216623218061900,5074304.0,1.574208,20,0.01,0.3,0.0015,0.99,0.999,1.0,0.99,1.0,NA,NA,NA,NA,,3,762
NA,NA,NA,10.0,Config5,55.50000000000001,22,48.5,0.6012782524962338,12.83,124,387,216636670199600,216636675357200,5316691.5,1.381262,16,0.01,0.3,0.0015,0.99,0.999,1.0,0.99,1.0,NA,NA,NA,NA,,5,762
NA,NA,NA,10.0,Config4,65.5,248,55.50000000000001,0.5866408395492225,12.06,120,391,216630014022800,216630020231800,5551620.5,1.20605,18,0.01,0.3,0.0015,0.99,0.999,1.0,0.99,1.0,NA,NA,NA,NA,,4,762
NA,NA,NA,100.0,Config6,53.5,201,50.0,0.7491976635749825,12.78,182,329,221145190862200,221145199312500,9367143.0,1.679458,8,0.01,0.3,0.0015,0.99,0.999,1.0,0.99,1.0,NA,NA,NA,NA,,6,1146
NA,NA,NA,100.0,Config5,55.00000000000001,205,43.5,0.8197733677795586,9.66,178,333,221135452644300,221135555944800,9615879.0,1.777935,10,0.01,0.3,0.0015,0.99,0.999,1.0,0.99,1.0,NA,NA,NA,NA,,5,1146
NA,NA,NA,100.0,Config4,59.5,212,50.0,0.6296403442472082,12.44,174,337,221126593885100,221126602367500,8530409.5,1.409019,12,0.01,0.3,0.0015,0.99,0.999,1.0,0.99,1.0,NA,NA,NA,NA,,4,1146
NA,NA,NA,100.0,Config3,56.49999999999999,230,52.5,0.7079988221769183,12.45,170,341,221118190976100,221118198734900,8362805.5,2.095516,14,0.01,0.3,0.0015,0.99,0.999,1.0,0.99,1.0,NA,NA,NA,NA,,3,1146
NA,NA,NA,100.0,Config6,60.5,209,49.0,0.7565532541880831,12.62,200,311,221181400943700,221181408559900,8310952.0,1.597145,8,0.01,0.3,0.0015,0.99,0.999,1.0,0.99,1.0,NA,NA,NA,NA,,6,1146
NA,NA,NA,100.0,Config5,54.50000000000001,310,46.5,0.6401936586033332,12.34,196,315,221172984493800,221173015156300,9445304.5,1.524974,10,0.01,0.3,0.0015,0.99,0.999,1.0,0.99,1.0,NA,NA,NA,NA,,5,1146
NA,NA,NA,100.0,Config4,55.50000000000001,11,48.0,0.780376801407509,12.47,192,319,221163940374200,221163949010200,9377765.5,1.846337,12,0.01,0.3,0.0015,0.99,0.999,1.0,0.99,1.0,NA,NA,NA,NA,,4,1146
NA,NA,NA,100.0,Config3,57.99999999999999,213,47.5,0.7683154459023116,12.47,188,323,221154254044600,221154261658900,8249334.0,1.722475,14,0.01,0.3,0.0015,0.99,0.999,1.0,0.99,1.0,NA,NA,NA,NA,,3,1146
NA,NA,NA,100.0,Config6,57.49999999999999,205,47.5,0.6629809324995614,12.61,218,293,221214352531800,221214362163000,9220136.0,1.174243,8,0.01,0.3,0.0015,0.99,0.999,1.0,0.99,1.0,NA,NA,NA,NA,,6,1146
NA,NA,NA,100.0,Config5,53.0,201,44.0,0.7740284229906789,12.5,214,297,221205033614700,221205041438000,8203961.5,1.263359,10,0.01,0.3,0.0015,0.99,0.999,1.0,0.99,1.0,NA,NA,NA,NA,,5,1146
NA,NA,NA,100.0,Config4,53.5,234,46.5,0.7481286221287314,12.47,210,301,221196956811000,221196964460900,8119882.0,2.072352,12,0.01,0.3,0.0015,0.99,0.999,1.0,0.99,1.0,NA,NA,NA,NA,,4,1146
NA,NA,NA,100.0,Config3,59.5,230,51.5,0.6187457579572567,12.54,204,307,221188904120200,221188911503700,7051341.5,1.666511,14,0.01,0.3,0.0015,0.99,0.999,1.0,0.99,1.0,NA,NA,NA,NA,,3,1146
NA,NA,NA,25.0,Config6,58.5,115,47.0,0.6826664331056606,12.54,96,415,217573247046500,217573252939100,5468969.0,1.216673,12,0.01,0.3,0.0015,0.99,0.999,1.0,0.99,1.0,NA,NA,NA,NA,,6,830
NA,NA,NA,25.0,Config3,55.50000000000001,4,40.5,0.7327360982322734,12.35,84,427,217553051645300,217553057967400,5864197.0,1.186895,20,0.01,0.3,0.0015,0.99,0.999,1.0,0.99,1.0,NA,NA,NA,NA,,3,830
NA,NA,NA,25.0,Config5,57.99999999999999,179,45.5,0.6989047676986025,12.49,92,419,217566623849100,217566629995600,6141033.5,1.364572,14,0.01,0.3,0.0015,0.99,0.999,1.0,0.99,1.0,NA,NA,NA,NA,,5,830
NA,NA,NA,25.0,Config4,60.0,169,42.5,0.7151472326695953,12.07,88,423,217559588046100,217559593622300,5349290.5,1.574342,16,0.01,0.3,0.0015,0.99,0.999,1.0,0.99,1.0,NA,NA,NA,NA,,4,830
NA,NA,NA,25.0,Config6,53.5,194,52.0,0.6818293949297403,12.11,112,399,217600021766600,217600027182000,5501627.0,1.381047,12,0.01,0.3,0.0015,0.99,0.999,1.0,0.99,1.0,NA,NA,NA,NA,,6,830
NA,NA,NA,25.0,Config3,55.00000000000001,180,49.0,0.6707076629353612,12.54,100,411,217580044617300,217580050488200,5961813.5,1.508007,20,0.01,0.3,0.0015,0.99,0.999,1.0,0.99,1.0,NA,NA,NA,NA,,3,830
NA,NA,NA,25.0,Config5,54.50000000000001,379,48.5,0.6583864007564793,11.61,108,403,217593363231100,217593368807100,5653061.0,1.125279,14,0.01,0.3,0.0015,0.99,0.999,1.0,0.99,1.0,NA,NA,NA,NA,,5,830
NA,NA,NA,25.0,Config4,56.99999999999999,0,42.0,0.7630778040763703,12.64,104,407,217586674454700,217586680322900,5608548.0,1.572995,16,0.01,0.3,0.0015,0.99,0.999,1.0,0.99,1.0,NA,NA,NA,NA,,4,830
NA,NA,NA,25.0,Config6,55.50000000000001,268,48.5,0.6535700389501031,12.26,130,381,217627333319300,217627338870200,5580668.0,1.24266,12,0.01,0.3,0.0015,0.99,0.999,1.0,0.99,1.0,NA,NA,NA,NA,,6,830
NA,NA,NA,25.0,Config3,58.5,91,49.0,0.7163689116100642,12.82,116,395,217607165537300,217607171560900,6311982.5,1.737401,20,0.01,0.3,0.0015,0.99,0.999,1.0,0.99,1.0,NA,NA,NA,NA,,3,830
NA,NA,NA,25.0,Config5,55.00000000000001,355,49.0,0.5892385678904993,12.21,126,385,217620641733300,217620647669100,5899675.5,1.424922,14,0.01,0.3,0.0015,0.99,0.999,1.0,0.99,1.0,NA,NA,NA,NA,,5,830
NA,NA,NA,25.0,Config4,54.0,286,44.5,0.7374624826742449,12.38,120,391,217613857985200,217613863349700,5596428.0,1.438581,16,0.01,0.3,0.0015,0.99,0.999,1.0,0.99,1.0,NA,NA,NA,NA,,4,830
NA,NA,NA,50.0,Config6,60.0,388,53.0,0.637017246104775,12.24,102,409,218580022021800,218580032812600,7357734.0,1.811311,10,0.01,0.3,0.0015,0.99,0.999,1.0,0.99,1.0,NA,NA,NA,NA,,6,924
NA,NA,NA,50.0,Config5,59.0,369,55.50000000000001,0.5590016511793882,12.45,98,413,218572248707400,218572255698200,7178800.5,1.194156,12,0.01,0.3,0.0015,0.99,0.999,1.0,0.99,1.0,NA,NA,NA,NA,,5,924
NA,NA,NA,50.0,Config4,60.5,368,55.50000000000001,0.6289006922803955,12.45,92,419,218564681423200,218564688819700,8176064.5,1.647896,14,0.01,0.3,0.0015,0.99,0.999,1.0,0.99,1.0,NA,NA,NA,NA,,4,924
NA,NA,NA,50.0,Config3,54.0,1,47.0,0.677485244445849,12.72,88,423,218555635512400,218555641436000,6843526.0,1.492272,16,0.01,0.3,0.0015,0.99,0.999,1.0,0.99,1.0,NA,NA,NA,NA,,3,924
NA,NA,NA,50.0,Config6,57.49999999999999,370,50.0,0.6009597197406572,11.04,118,393,218617823608400,218617830609700,8186247.5,1.273629,10,0.01,0.3,0.0015,0.99,0.999,1.0,0.99,1.0,NA,NA,NA,NA,,6,924
NA,NA,NA,50.0,Config5,54.0,6,49.0,0.7277510291087177,11.9,114,397,218608789773500,218608799276200,9666711.5,1.959339,12,0.01,0.3,0.0015,0.99,0.999,1.0,0.99,1.0,NA,NA,NA,NA,,5,924
NA,NA,NA,50.0,Config4,62.5,212,55.00000000000001,0.6116783880910563,12.83,110,401,218598571591300,218598580236300,8450043.0,1.603953,14,0.01,0.3,0.0015,0.99,0.999,1.0,0.99,1.0,NA,NA,NA,NA,,4,924
NA,NA,NA,50.0,Config3,59.5,150,46.0,0.7701703411100932,12.2,106,405,218589742505500,218589748806700,8557773.0,1.656415,16,0.01,0.3,0.0015,0.99,0.999,1.0,0.99,1.0,NA,NA,NA,NA,,3,924
NA,NA,NA,50.0,Config6,62.0,255,55.00000000000001,0.6181425258921858,12.5,136,375,218651350710100,218651358847700,8233679.0,1.280921,10,0.01,0.3,0.0015,0.99,0.999,1.0,0.99,1.0,NA,NA,NA,NA,,6,924
NA,NA,NA,50.0,Config5,58.5,229,48.5,0.7249921453611483,12.42,130,381,218642400158900,218642406961900,7887698.0,1.535663,12,0.01,0.3,0.0015,0.99,0.999,1.0,0.99,1.0,NA,NA,NA,NA,,5,924
NA,NA,NA,50.0,Config4,56.99999999999999,233,49.5,0.7136297719345293,12.38,126,385,218633951011800,218633958052500,7930217.0,1.481391,14,0.01,0.3,0.0015,0.99,0.999,1.0,0.99,1.0,NA,NA,NA,NA,,4,924
NA,NA,NA,50.0,Config3,56.00000000000001,3,44.5,0.6769368318189685,12.71,122,389,218625368367100,218625374152400,6376020.0,1.467077,16,0.01,0.3,0.0015,0.99,0.999,1.0,0.99,1.0,NA,NA,NA,NA,,3,924
NA,NA,NA,75.0,Config6,55.00000000000001,34,45.0,0.7901330959384958,12.44,140,371,219789764626400,219789771065000,6254855.0,1.583166,8,0.01,0.3,0.0015,0.99,0.999,1.0,0.99,1.0,NA,NA,NA,NA,,6,1020
NA,NA,NA,75.0,Config5,53.0,184,44.0,0.7791913507255964,12.32,136,375,219782533813700,219782541536200,7473405.0,1.875995,10,0.01,0.3,0.0015,0.99,0.999,1.0,0.99,1.0,NA,NA,NA,NA,,5,1020
NA,NA,NA,75.0,Config4,56.49999999999999,231,48.5,0.6430923123349831,11.16,132,379,219774411332100,219774418070700,7141642.0,1.227657,12,0.01,0.3,0.0015,0.99,0.999,1.0,0.99,1.0,NA,NA,NA,NA,,4,1020
NA,NA,NA,75.0,Config3,59.0,203,53.0,0.7030389670459095,12.39,128,383,219766672969100,219766680011300,7344576.5,1.831099,16,0.01,0.3,0.0015,0.99,0.999,1.0,0.99,1.0,NA,NA,NA,NA,,3,1020
NA,NA,NA,75.0,Config6,56.49999999999999,121,48.5,0.7378282247101161,12.47,158,353,219819704921700,219819711162700,6551174.0,1.073344,8,0.01,0.3,0.0015,0.99,0.999,1.0,0.99,1.0,NA,NA,NA,NA,,6,1020
NA,NA,NA,75.0,Config5,61.5,303,56.99999999999999,0.5411486540461347,12.55,154,357,219812411246000,219812419789600,6895204.0,1.372675,10,0.01,0.3,0.0015,0.99,0.999,1.0,0.99,1.0,NA,NA,NA,NA,,5,1020
NA,NA,NA,75.0,Config4,63.0,113,54.50000000000001,0.6005918680799169,12.3,148,363,219804955951500,219804962611300,6688449.5,1.072163,12,0.01,0.3,0.0015,0.99,0.999,1.0,0.99,1.0,NA,NA,NA,NA,,4,1020
NA,NA,NA,75.0,Config3,59.0,288,52.0,0.6712102947478796,12.35,144,367,219797615547700,219797622885400,7631836.5,1.452814,16,0.01,0.3,0.0015,0.99,0.999,1.0,0.99,1.0,NA,NA,NA,NA,,3,1020
NA,NA,NA,75.0,Config6,59.0,398,58.5,0.6453533145576487,12.72,178,333,219851026543800,219851032764300,7372443.0,1.397566,8,0.01,0.3,0.0015,0.99,0.999,1.0,0.99,1.0,NA,NA,NA,NA,,6,1020
NA,NA,NA,75.0,Config5,57.99999999999999,8,50.5,0.6107616474457226,12.49,172,339,219842337269100,219842343808100,6741381.5,1.310746,10,0.01,0.3,0.0015,0.99,0.999,1.0,0.99,1.0,NA,NA,NA,NA,,5,1020
NA,NA,NA,75.0,Config4,56.99999999999999,251,48.5,0.7681394374734952,12.6,168,343,219834698070500,219834704883500,6666368.0,1.902203,12,0.01,0.3,0.0015,0.99,0.999,1.0,0.99,1.0,NA,NA,NA,NA,,4,1020
NA,NA,NA,75.0,Config3,55.00000000000001,361,51.5,0.6795754660870438,12.31,164,347,219827366577200,219827373473700,7323392.0,1.280858,16,0.01,0.3,0.0015,0.99,0.999,1.0,0.99,1.0,NA,NA,NA,NA,,3,1020
